Date,Open,High,Low,Close,Volume,Adj Close,bidvol,askvol
20151126 09:42:54.767,3699,3718,3675,3704,5822,3701,4,4
20151126 09:43:02.212,3699,3718,3675,3704,5822,3701,4,7
20151126 09:43:02.816,3699,3718,3675,3703,5822,3701,4,2
20151126 09:43:02.887,3699,3718,3675,3702,5822,3701,4,4
20151126 09:43:08.563,3700,3718,3675,3702,5822,3701,5,4
20151126 09:43:11.590,3700,3718,3675,3702,5822,3701,1,4
20151126 09:43:15.859,3700,3718,3675,3707,5830,3702,1,6
20151126 09:43:16.224,3701,3718,3675,3706,5830,3702,4,2
20151126 09:43:20.826,3701,3718,3675,3706,5830,3702,4,8
20151126 09:43:25.586,3702,3718,3675,3706,5830,3702,2,8
20151126 09:43:26.058,3703,3718,3675,3706,5830,3702,4,8
20151126 09:43:34.375,3703,3718,3675,3705,5830,3702,4,1
20151126 09:43:36.250,3704,3718,3675,3705,5830,3702,1,1
20151126 09:43:44.757,3704,3718,3675,3706,5832,3705,1,6
20151126 09:43:46.854,3704,3718,3675,3706,5832,3705,1,9
20151126 09:43:51.496,3704,3718,3675,3705,5832,3705,1,2
20151126 09:43:58.040,3703,3718,3675,3705,5836,3705,2,1
20151126 09:43:58.367,3704,3718,3675,3705,5836,3705,4,1
20151126 09:44:04.604,3704,3718,3675,3706,5838,3705,4,6
20151126 09:44:06.910,3704,3718,3675,3706,5838,3705,4,8
20151126 09:44:13.810,3704,3718,3675,3705,5838,3705,4,1
20151126 09:44:14.797,3704,3718,3675,3705,5838,3705,4,2
20151126 09:44:15.309,3703,3718,3675,3705,5838,3705,2,4
20151126 09:44:15.392,3703,3718,3675,3704,5838,3705,2,2
20151126 09:44:16.889,3703,3718,3675,3705,5838,3705,2,4
20151126 09:44:27.747,3704,3718,3675,3705,5838,3705,4,2
20151126 09:44:41.169,3704,3718,3675,3705,5844,3704,1,2
20151126 09:44:41.217,3703,3718,3675,3705,5844,3704,2,2
20151126 09:45:08.187,3702,3718,3675,3703,5848,3703,2,18
20151126 09:45:15.322,3698,3718,3675,3702,5852,3702,55,18
20151126 09:45:16.134,3699,3718,3675,3702,5852,3702,3,18
20151126 09:45:22.197,3699,3718,3675,3702,5852,3702,3,19
20151126 09:45:24.261,3699,3718,3675,3702,5852,3702,8,19
20151126 09:45:24.793,3699,3718,3675,3701,5852,3702,8,3
20151126 09:45:25.674,3699,3718,3675,3701,5852,3702,7,3
20151126 09:45:29.268,3699,3718,3675,3701,5852,3702,6,3
20151126 09:45:29.454,3699,3718,3675,3701,5852,3702,6,9
20151126 09:45:30.754,3699,3718,3675,3701,5852,3702,3,9
20151126 09:45:31.832,3699,3718,3675,3700,5852,3702,3,1
20151126 09:45:57.565,3699,3718,3675,3701,5854,3700,3,6
20151126 09:45:58.074,3699,3718,3675,3700,5854,3700,3,3
20151126 09:45:59.606,3699,3718,3675,3700,5858,3699,1,3
20151126 09:46:00.105,3698,3718,3675,3700,5858,3699,58,3
20151126 09:46:00.733,3699,3718,3675,3700,5858,3699,3,3
20151126 09:46:04.839,3698,3718,3675,3700,5858,3699,55,3
20151126 09:46:08.967,3699,3718,3675,3700,5858,3699,2,3
20151126 09:46:10.844,3699,3718,3675,3700,5858,3699,3,3
20151126 09:46:11.375,3698,3718,3675,3699,5864,3699,55,3
20151126 09:46:12.765,3698,3718,3675,3702,5864,3699,55,19
20151126 09:46:12.965,3699,3718,3675,3701,5864,3699,3,3
20151126 09:46:14.384,3699,3718,3675,3701,5864,3699,3,6
20151126 09:46:17.828,3699,3718,3675,3701,5864,3699,5,6
20151126 09:46:33.048,3699,3718,3675,3701,5864,3699,6,6
20151126 09:47:21.463,3700,3718,3675,3701,5864,3699,1,6
20151126 09:47:39.447,3699,3718,3675,3701,5864,3699,3,6
20151126 09:47:48.140,3700,3718,3675,3701,5864,3699,10,6
20151126 09:48:20.759,3700,3718,3675,3701,5876,3700,4,6
20151126 09:48:22.889,3700,3718,3675,3701,5876,3700,4,3
20151126 09:48:23.858,3700,3718,3675,3701,5882,3700,1,3
20151126 09:48:36.566,3700,3718,3675,3701,5884,3701,1,2
20151126 09:48:36.976,3700,3718,3675,3702,5884,3701,1,21
20151126 09:48:37.553,3700,3718,3675,3701,5884,3701,1,4
20151126 09:48:43.498,3700,3718,3675,3701,5884,3701,1,5
20151126 09:49:38.454,3700,3718,3675,3702,5894,3701,1,18
20151126 09:49:45.630,3700,3718,3675,3702,5894,3701,1,21
20151126 09:49:47.943,3700,3718,3675,3701,5894,3701,1,3
20151126 09:50:06.979,3700,3718,3675,3701,5894,3701,2,3
20151126 09:50:55.552,3700,3718,3675,3701,5894,3701,2,5
20151126 09:51:01.018,3700,3718,3675,3701,5894,3701,2,3
20151126 09:51:20.617,3700,3718,3675,3702,5894,3701,2,20
20151126 09:51:30.920,3700,3718,3675,3701,5894,3701,2,2
20151126 09:51:33.334,3699,3718,3675,3700,5898,3700,5,1
20151126 09:51:48.755,3699,3718,3675,3700,5898,3700,6,1
20151126 09:51:51.592,3699,3718,3675,3700,5898,3700,5,1
20151126 09:52:07.369,3699,3718,3675,3702,5900,3700,5,18
20151126 09:52:07.401,3700,3718,3675,3702,5900,3700,4,20
20151126 09:52:20.682,3700,3718,3675,3701,5900,3700,4,2
20151126 09:52:41.404,3700,3718,3675,3702,5900,3700,4,20
20151126 09:52:49.491,3700,3718,3675,3701,5900,3700,4,2
20151126 09:52:49.556,3700,3718,3675,3702,5900,3700,4,20
20151126 09:53:09.841,3700,3718,3675,3701,5900,3700,4,2
20151126 09:53:10.410,3700,3718,3675,3701,5902,3700,3,2
20151126 09:53:51.061,3700,3718,3675,3702,5902,3700,3,20
20151126 09:54:13.935,3700,3718,3675,3702,5902,3700,3,18
20151126 09:54:25.959,3700,3718,3675,3702,5906,3700,1,18
20151126 09:54:26.726,3699,3718,3675,3702,5906,3700,5,18
20151126 09:54:26.840,3700,3718,3675,3701,5906,3700,3,3
20151126 09:54:28.780,3700,3718,3675,3701,5906,3700,3,2
20151126 09:54:41.048,3700,3718,3675,3702,5906,3700,3,18
20151126 09:54:41.539,3700,3718,3675,3701,5906,3700,3,3
20151126 09:54:45.213,3700,3718,3675,3702,5906,3700,3,18
20151126 09:55:09.897,3700,3718,3675,3701,5906,3700,3,3
20151126 09:55:22.060,3700,3718,3675,3701,5906,3700,4,3
20151126 09:55:28.568,3700,3718,3675,3701,5906,3700,4,5
20151126 09:55:38.063,3699,3718,3675,3700,5914,3700,5,2
20151126 09:55:55.603,3699,3718,3675,3701,5914,3700,5,12
20151126 09:55:56.604,3699,3718,3675,3700,5914,3700,5,1
20151126 09:55:58.653,3699,3718,3675,3700,5914,3700,5,2
20151126 09:56:03.526,3699,3718,3675,3700,5916,3700,5,2
20151126 09:56:19.256,3699,3718,3675,3701,5916,3700,5,12
20151126 09:56:27.538,3699,3718,3675,3701,5916,3700,6,12
20151126 09:56:27.923,3700,3718,3675,3701,5916,3700,2,10
20151126 09:56:28.065,3699,3718,3675,3701,5916,3700,6,10
20151126 09:56:28.575,3700,3718,3675,3701,5916,3700,2,10
20151126 09:56:29.426,3699,3718,3675,3701,5916,3700,6,10
20151126 09:56:30.065,3700,3718,3675,3701,5916,3700,2,10
20151126 09:56:30.100,3699,3718,3675,3701,5916,3700,6,10
20151126 09:56:30.616,3700,3718,3675,3701,5916,3700,2,10
20151126 09:56:31.113,3699,3718,3675,3701,5916,3700,6,10
20151126 09:56:31.642,3700,3718,3675,3701,5916,3700,2,10
20151126 09:56:32.132,3699,3718,3675,3701,5916,3700,6,10
20151126 09:56:32.636,3700,3718,3675,3701,5916,3700,2,10
20151126 09:56:33.618,3699,3718,3675,3701,5916,3700,6,10
20151126 09:56:33.643,3700,3718,3675,3701,5916,3700,2,10
20151126 09:56:34.172,3699,3718,3675,3701,5916,3700,6,10
20151126 09:56:34.660,3700,3718,3675,3701,5916,3700,2,10
20151126 09:56:35.510,3699,3718,3675,3701,5916,3700,6,10
20151126 09:56:36.019,3700,3718,3675,3701,5916,3700,2,10
20151126 09:56:36.171,3699,3718,3675,3701,5916,3700,6,10
20151126 09:56:36.807,3700,3718,3675,3701,5916,3700,2,10
20151126 09:56:37.202,3699,3718,3675,3701,5916,3700,6,10
20151126 09:56:37.946,3700,3718,3675,3701,5916,3700,2,10
20151126 09:56:38.445,3699,3718,3675,3701,5916,3700,6,10
20151126 09:56:39.017,3700,3718,3675,3701,5916,3700,2,10
20151126 09:56:39.241,3699,3718,3675,3701,5916,3700,6,10
20151126 09:56:40.142,3700,3718,3675,3701,5916,3700,2,10
20151126 09:56:40.252,3699,3718,3675,3701,5916,3700,6,10
20151126 09:56:40.849,3700,3718,3675,3701,5916,3700,2,10
20151126 09:56:41.261,3699,3718,3675,3701,5916,3700,6,10
20151126 09:56:41.764,3700,3718,3675,3701,5916,3700,2,10
20151126 09:56:42.274,3699,3718,3675,3701,5916,3700,6,10
20151126 09:56:42.775,3700,3718,3675,3701,5916,3700,2,10
20151126 09:56:43.285,3699,3718,3675,3701,5916,3700,6,10
20151126 09:56:43.795,3700,3718,3675,3701,5916,3700,2,10
20151126 09:56:44.528,3699,3718,3675,3701,5916,3700,6,10
20151126 09:56:44.821,3700,3718,3675,3701,5916,3700,2,10
20151126 09:56:45.375,3699,3718,3675,3701,5916,3700,5,10
20151126 09:56:45.838,3700,3718,3675,3701,5916,3700,3,10
20151126 09:57:23.643,3700,3718,3675,3701,5918,3701,2,9
20151126 09:57:23.983,3699,3718,3675,3701,5918,3701,6,9
20151126 09:57:24.748,3700,3718,3675,3701,5918,3701,2,9
20151126 09:57:24.860,3699,3718,3675,3701,5918,3701,6,9
20151126 09:57:25.671,3700,3718,3675,3701,5918,3701,2,9
20151126 09:57:25.906,3699,3718,3675,3701,5918,3701,16,9
20151126 09:57:26.389,3700,3718,3675,3701,5918,3701,2,9
20151126 09:57:27.155,3699,3718,3675,3701,5918,3701,16,9
20151126 09:57:27.391,3700,3718,3675,3701,5918,3701,2,9
20151126 09:57:27.894,3699,3718,3675,3701,5918,3701,16,9
20151126 09:57:28.400,3700,3718,3675,3701,5918,3701,2,9
20151126 09:57:28.915,3699,3718,3675,3701,5918,3701,16,9
20151126 09:57:29.422,3700,3718,3675,3701,5918,3701,2,9
20151126 09:57:30.218,3699,3718,3675,3701,5918,3701,16,9
20151126 09:57:30.860,3700,3718,3675,3701,5918,3701,2,9
20151126 09:57:31.019,3699,3718,3675,3701,5918,3701,16,9
20151126 09:57:31.463,3700,3718,3675,3701,5918,3701,2,9
20151126 09:57:31.965,3699,3718,3675,3701,5918,3701,16,9
20151126 09:57:32.478,3700,3718,3675,3701,5918,3701,2,9
20151126 09:57:33.395,3699,3718,3675,3701,5918,3701,16,9
20151126 09:57:33.501,3700,3718,3675,3701,5918,3701,2,9
20151126 09:57:34.004,3699,3718,3675,3701,5918,3701,16,9
20151126 09:57:34.714,3700,3718,3675,3701,5918,3701,2,9
20151126 09:57:35.026,3699,3718,3675,3701,5918,3701,16,9
20151126 09:57:35.536,3700,3718,3675,3701,5918,3701,2,9
20151126 09:57:36.375,3699,3718,3675,3701,5918,3701,16,9
20151126 09:57:36.565,3700,3718,3675,3701,5918,3701,2,9
20151126 09:57:37.076,3699,3718,3675,3701,5918,3701,16,9
20151126 09:57:37.963,3700,3718,3675,3701,5918,3701,2,9
20151126 09:57:38.269,3699,3718,3675,3701,5918,3701,16,9
20151126 09:57:38.617,3700,3718,3675,3701,5918,3701,2,9
20151126 09:57:39.136,3699,3718,3675,3701,5918,3701,16,9
20151126 09:57:39.646,3700,3718,3675,3701,5918,3701,2,9
20151126 09:57:40.361,3699,3718,3675,3701,5918,3701,16,9
20151126 09:57:40.731,3700,3718,3675,3701,5918,3701,2,9
20151126 09:57:41.165,3699,3718,3675,3701,5918,3701,16,9
20151126 09:57:41.685,3700,3718,3675,3701,5918,3701,2,9
20151126 09:57:42.193,3699,3718,3675,3701,5918,3701,16,9
20151126 09:57:42.702,3700,3718,3675,3701,5918,3701,2,9
20151126 09:57:43.536,3699,3718,3675,3701,5918,3701,16,9
20151126 09:57:43.703,3700,3718,3675,3701,5918,3701,2,9
20151126 09:57:44.203,3699,3718,3675,3701,5918,3701,16,9
20151126 09:57:44.702,3700,3718,3675,3701,5918,3701,2,9
20151126 09:57:45.522,3699,3718,3675,3701,5918,3701,16,9
20151126 09:57:46.129,3700,3718,3675,3701,5918,3701,2,9
20151126 09:57:46.307,3699,3718,3675,3701,5922,3701,14,7
20151126 09:57:47.189,3700,3718,3675,3701,5922,3701,2,7
20151126 09:57:47.212,3699,3718,3675,3701,5922,3701,14,7
20151126 09:57:48.199,3700,3718,3675,3701,5922,3701,2,7
20151126 09:57:48.702,3699,3718,3675,3701,5922,3701,14,7
20151126 09:57:49.081,3700,3718,3675,3701,5922,3701,2,7
20151126 09:57:49.364,3699,3718,3675,3701,5922,3701,14,7
20151126 09:57:49.896,3700,3718,3675,3701,5922,3701,6,7
20151126 09:57:52.220,3701,3718,3675,3702,5936,3701,3,18
20151126 09:58:48.399,3701,3718,3675,3702,5946,3702,3,13
20151126 09:59:15.967,3701,3718,3675,3702,5946,3702,3,14
20151126 09:59:21.364,3701,3718,3675,3702,5946,3702,3,13
20151126 10:00:01.458,3701,3718,3675,3702,5968,3702,3,2
20151126 10:00:01.917,3702,3718,3675,3703,5972,3702,6,19
20151126 10:00:02.455,3701,3718,3675,3703,5972,3702,3,19
20151126 10:00:10.262,3701,3718,3675,3703,5972,3702,4,19
20151126 10:00:13.629,3701,3718,3675,3702,5972,3702,4,7
20151126 10:00:14.071,3701,3718,3675,3702,5984,3702,4,1
20151126 10:00:24.202,3702,3718,3675,3703,5986,3702,5,18
20151126 10:00:24.608,3702,3718,3675,3703,5986,3702,6,18
20151126 10:00:25.054,3702,3718,3675,3703,5986,3702,5,18
20151126 10:00:27.795,3701,3718,3675,3703,5986,3702,4,18
20151126 10:00:37.348,3701,3718,3675,3703,5986,3702,1,18
20151126 10:00:44.403,3701,3718,3675,3702,5986,3702,1,4
20151126 10:00:47.974,3702,3718,3675,3703,5994,3702,2,18
20151126 10:01:56.938,3702,3718,3675,3703,5994,3702,9,18
20151126 10:02:16.277,3702,3718,3675,3703,5998,3703,9,16
20151126 10:02:43.200,3702,3718,3675,3703,6000,3702,8,16
20151126 10:02:47.587,3701,3718,3675,3702,6016,3702,1,42
20151126 10:03:04.027,3699,3718,3675,3702,6018,3701,18,42
20151126 10:03:10.166,3699,3718,3675,3701,6018,3701,18,1
20151126 10:03:41.047,3699,3718,3675,3701,6018,3701,3,1
20151126 10:04:34.104,3698,3718,3675,3701,6018,3701,67,1
20151126 10:04:34.911,3699,3718,3675,3701,6018,3701,1,1
20151126 10:04:35.134,3699,3718,3675,3701,6018,3701,3,1
20151126 10:04:52.029,3699,3718,3675,3701,6018,3701,8,1
20151126 10:04:52.421,3699,3718,3675,3701,6018,3701,13,1
20151126 10:04:52.953,3699,3718,3675,3701,6018,3701,22,1
20151126 10:04:55.627,3699,3718,3675,3701,6018,3701,3,1
20151126 10:05:25.994,3698,3718,3675,3701,6018,3701,78,1
20151126 10:05:27.926,3700,3718,3675,3701,6018,3701,1,1
20151126 10:06:16.721,3699,3718,3675,3701,6018,3701,3,1
20151126 10:06:17.458,3698,3718,3675,3701,6018,3701,76,1
20151126 10:06:18.313,3699,3718,3675,3701,6018,3701,3,1
20151126 10:06:56.815,3699,3718,3675,3701,6018,3701,3,2
20151126 10:06:57.217,3699,3718,3675,3701,6018,3701,3,3
20151126 10:06:57.904,3699,3718,3675,3701,6018,3701,3,2
20151126 10:07:00.749,3699,3718,3675,3701,6018,3701,3,1
20151126 10:07:05.508,3699,3718,3675,3701,6018,3701,2,1
20151126 10:07:05.863,3698,3718,3675,3701,6018,3701,56,1
20151126 10:07:06.077,3698,3718,3675,3701,6018,3701,56,3
20151126 10:07:07.704,3699,3718,3675,3701,6018,3701,1,3
20151126 10:07:20.288,3699,3718,3675,3700,6018,3701,1,2
20151126 10:07:30.557,3698,3718,3675,3699,6020,3699,56,1
20151126 10:07:40.945,3698,3718,3675,3699,6020,3699,1,1
20151126 10:07:42.563,3695,3718,3675,3698,6022,3698,1,62
20151126 10:07:45.786,3695,3718,3675,3698,6022,3698,16,62
20151126 10:07:46.188,3695,3718,3675,3697,6022,3698,16,2
20151126 10:07:48.176,3695,3718,3675,3697,6022,3698,14,2
20151126 10:07:48.425,3695,3718,3675,3697,6022,3698,16,2
20151126 10:07:50.053,3695,3718,3675,3697,6022,3698,11,2
20151126 10:07:50.707,3695,3718,3675,3697,6022,3698,10,2
20151126 10:07:51.218,3695,3718,3675,3697,6022,3698,1,2
20151126 10:07:53.952,3695,3718,3675,3699,6022,3698,1,1
20151126 10:07:54.767,3695,3718,3675,3699,6022,3698,1,2
20151126 10:08:09.586,3695,3718,3675,3699,6022,3698,1,3
20151126 10:08:16.504,3695,3718,3675,3698,6022,3698,1,2
20151126 10:08:21.432,3695,3718,3675,3699,6022,3698,1,3
20151126 10:08:36.812,3695,3718,3675,3698,6022,3698,1,2
20151126 10:08:37.125,3695,3718,3675,3699,6022,3698,1,3
20151126 10:08:48.225,3695,3718,3675,3698,6022,3698,1,2
20151126 10:08:53.595,3695,3718,3675,3699,6022,3698,1,3
20151126 10:09:02.876,3695,3718,3675,3699,6022,3698,13,3
20151126 10:09:03.675,3695,3718,3675,3699,6022,3698,13,1
20151126 10:09:04.428,3695,3718,3675,3699,6022,3698,15,1
20151126 10:09:05.143,3695,3718,3675,3699,6022,3698,3,1
20151126 10:09:05.734,3695,3718,3675,3699,6022,3698,1,1
20151126 10:09:06.220,3695,3718,3675,3699,6022,3698,1,3
20151126 10:09:06.400,3695,3718,3675,3699,6022,3698,1,1
20151126 10:09:09.153,3695,3718,3675,3699,6022,3698,1,3
20151126 10:09:18.318,3695,3718,3675,3699,6022,3698,13,3
20151126 10:09:18.427,3695,3718,3675,3699,6022,3698,13,1
20151126 10:09:22.963,3695,3718,3675,3699,6022,3698,21,1
20151126 10:09:28.948,3695,3718,3675,3699,6022,3698,15,1
20151126 10:09:30.152,3695,3718,3675,3699,6022,3698,18,1
20151126 10:09:31.279,3695,3718,3675,3699,6022,3698,1,1
20151126 10:09:31.840,3695,3718,3675,3699,6022,3698,1,3
20151126 10:09:38.900,3695,3718,3675,3698,6022,3698,1,2
20151126 10:09:47.497,3695,3718,3675,3699,6022,3698,1,3
20151126 10:10:12.198,3695,3718,3675,3699,6022,3698,1,2
20151126 10:10:24.988,3695,3718,3675,3699,6022,3698,7,2
20151126 10:10:25.330,3695,3718,3675,3700,6022,3698,1,2
20151126 10:10:31.168,3695,3718,3675,3699,6022,3698,1,2
20151126 10:10:32.352,3695,3718,3675,3698,6022,3698,1,2
20151126 10:10:40.952,3695,3718,3675,3697,6022,3698,1,2
20151126 10:10:41.759,3695,3718,3675,3698,6022,3698,1,2
20151126 10:10:58.521,3695,3718,3675,3697,6022,3698,1,1
20151126 10:10:58.837,3695,3718,3675,3696,6022,3698,1,1
20151126 10:11:03.757,3695,3718,3675,3696,6022,3698,16,1
20151126 10:11:08.147,3695,3718,3675,3696,6022,3698,15,1
20151126 10:11:10.811,3695,3718,3675,3696,6022,3698,16,1
20151126 10:11:11.851,3696,3718,3675,3697,6024,3696,9,1
20151126 10:11:19.255,3696,3718,3675,3697,6024,3696,14,1
20151126 10:11:21.498,3696,3718,3675,3697,6024,3696,10,1
20151126 10:11:22.168,3696,3718,3675,3697,6024,3696,9,1
20151126 10:11:34.510,3696,3718,3675,3701,6024,3696,9,2
20151126 10:11:35.155,3696,3718,3675,3699,6024,3696,9,2
20151126 10:11:43.321,3696,3718,3675,3698,6024,3696,9,2
20151126 10:11:45.341,3696,3718,3675,3699,6024,3696,9,2
20151126 10:11:59.022,3696,3718,3675,3698,6024,3696,9,1
20151126 10:12:00.553,3696,3718,3675,3699,6024,3696,9,2
20151126 10:12:34.222,3696,3718,3675,3698,6024,3696,9,2
20151126 10:12:52.141,3696,3718,3675,3699,6024,3696,9,2
20151126 10:12:52.758,3696,3718,3675,3698,6024,3696,9,2
20151126 10:12:53.770,3696,3718,3675,3699,6024,3696,9,2
20151126 10:12:54.738,3696,3718,3675,3698,6024,3696,9,2
20151126 10:12:54.788,3696,3718,3675,3699,6024,3696,9,2
20151126 10:13:01.046,3696,3718,3675,3698,6024,3696,9,2
20151126 10:13:01.367,3696,3718,3675,3699,6024,3696,9,2
20151126 10:13:12.365,3696,3718,3675,3699,6024,3696,10,2
20151126 10:13:19.077,3696,3718,3675,3698,6024,3696,10,2
20151126 10:13:27.138,3696,3718,3675,3699,6024,3696,10,2
20151126 10:13:40.322,3696,3718,3675,3700,6024,3696,10,2
20151126 10:13:50.082,3696,3718,3675,3700,6024,3696,11,2
20151126 10:13:55.251,3696,3718,3675,3700,6024,3696,10,2
20151126 10:13:57.082,3696,3718,3675,3700,6024,3696,11,2
20151126 10:13:57.597,3696,3718,3675,3699,6024,3696,11,2
20151126 10:13:58.044,3696,3718,3675,3700,6024,3696,11,2
20151126 10:14:02.193,3696,3718,3675,3699,6024,3696,11,1
20151126 10:14:04.229,3697,3718,3675,3699,6024,3696,6,1
20151126 10:14:05.350,3697,3718,3675,3700,6024,3696,6,2
20151126 10:14:06.349,3697,3718,3675,3699,6024,3696,6,2
20151126 10:14:09.307,3697,3718,3675,3699,6024,3696,5,2
20151126 10:14:09.417,3697,3718,3675,3700,6024,3696,5,2
20151126 10:14:10.057,3697,3718,3675,3700,6024,3696,6,2
20151126 10:14:10.556,3697,3718,3675,3699,6024,3696,6,2
20151126 10:14:11.327,3697,3718,3675,3700,6024,3696,5,2
20151126 10:14:11.835,3697,3718,3675,3698,6024,3696,5,2
20151126 10:14:14.465,3697,3718,3675,3698,6024,3696,6,1
20151126 10:14:15.214,3697,3718,3675,3701,6024,3696,6,2
20151126 10:14:15.474,3697,3718,3675,3700,6024,3696,5,2
20151126 10:14:17.423,3697,3718,3675,3699,6024,3696,5,2
20151126 10:14:20.018,3697,3718,3675,3698,6024,3696,5,2
20151126 10:14:28.789,3697,3718,3675,3701,6032,3696,1,2
20151126 10:14:29.236,3697,3718,3675,3701,6032,3696,1,6
20151126 10:14:36.660,3697,3718,3675,3701,6032,3696,1,9
20151126 10:14:38.832,3697,3718,3675,3700,6032,3696,1,4
20151126 10:14:54.219,3696,3718,3675,3697,6034,3697,10,19
20151126 10:30:00.454,3696,3718,3675,3697,6034,3697,21,19
20151126 10:30:04.977,3696,3718,3675,3697,6034,3697,11,19
20151126 10:30:26.175,3696,3718,3675,3697,6036,3697,11,18
20151126 10:31:42.697,3696,3718,3675,3697,6036,3697,12,18
20151126 10:31:43.683,3696,3718,3675,3697,6040,3696,10,18
20151126 10:32:12.260,3696,3718,3675,3697,6040,3696,10,22
20151126 10:32:17.469,3696,3718,3675,3697,6044,3696,8,22
20151126 10:32:23.195,3695,3718,3675,3696,6060,3696,1,12
20151126 10:32:27.102,3694,3718,3675,3696,6062,3695,3,12
20151126 10:32:27.608,3695,3718,3675,3696,6062,3695,4,12
20151126 10:32:42.812,3695,3718,3675,3696,6064,3695,3,12
20151126 10:32:49.165,3694,3718,3675,3695,6070,3695,1,17
20151126 10:32:52.700,3689,3718,3675,3695,6072,3694,1,17
20151126 10:32:53.021,3689,3718,3675,3694,6072,3694,1,4
20151126 10:32:54.220,3690,3718,3675,3694,6074,3694,1,3
20151126 10:32:54.512,3691,3718,3675,3694,6074,3694,1,3
20151126 10:32:55.478,3692,3718,3675,3694,6074,3694,4,3
20151126 10:32:58.291,3692,3718,3675,3694,6074,3694,2,3
20151126 10:33:00.583,3692,3718,3675,3694,6074,3694,4,3
20151126 10:33:01.083,3692,3718,3675,3694,6074,3694,2,3
20151126 10:33:07.769,3692,3718,3675,3694,6074,3694,13,3
20151126 10:33:08.285,3692,3718,3675,3694,6074,3694,11,3
20151126 10:33:10.598,3692,3718,3675,3694,6074,3694,9,3
20151126 10:33:11.559,3692,3718,3675,3694,6074,3694,8,3
20151126 10:33:13.460,3692,3718,3675,3694,6074,3694,7,3
20151126 10:33:14.222,3692,3718,3675,3694,6074,3694,2,3
20151126 10:33:19.224,3692,3718,3675,3694,6074,3694,14,3
20151126 10:33:20.737,3692,3718,3675,3694,6074,3694,2,3
20151126 10:33:26.847,3692,3718,3675,3694,6074,3694,3,3
20151126 10:33:27.747,3692,3718,3675,3694,6074,3694,4,3
20151126 10:33:36.119,3692,3718,3675,3694,6074,3694,3,3
20151126 10:33:54.129,3692,3718,3675,3694,6074,3694,4,3
20151126 10:33:55.136,3692,3718,3675,3694,6074,3694,17,3
20151126 10:33:55.342,3692,3718,3675,3694,6074,3694,19,3
20151126 10:34:15.568,3693,3718,3675,3694,6074,3694,1,3
20151126 10:34:15.658,3692,3718,3675,3694,6076,3693,18,3
20151126 10:34:20.175,3692,3718,3675,3694,6076,3693,18,5
20151126 10:34:20.664,3692,3718,3675,3694,6080,3692,16,3
20151126 10:34:22.256,3690,3718,3675,3694,6102,3692,2,5
20151126 10:34:22.598,3690,3718,3675,3694,6102,3692,2,3
20151126 10:34:23.272,3690,3718,3675,3694,6108,3692,2,3
20151126 10:34:24.192,3690,3718,3675,3694,6108,3692,2,7
20151126 10:34:24.764,3690,3718,3675,3694,6108,3692,2,11
20151126 10:34:25.275,3690,3718,3675,3694,6108,3692,2,7
20151126 10:34:25.726,3690,3718,3675,3694,6108,3692,2,11
20151126 10:34:26.268,3690,3718,3675,3694,6108,3692,2,7
20151126 10:34:26.824,3689,3718,3675,3694,6116,3690,1,7
20151126 10:34:27.220,3688,3718,3675,3690,6118,3689,1,6
20151126 10:34:27.799,3688,3718,3675,3689,6118,3689,1,3
20151126 10:34:28.283,3682,3718,3675,3689,6120,3688,5,3
20151126 10:34:28.834,3683,3718,3675,3689,6120,3688,1,3
20151126 10:34:28.987,3684,3718,3675,3689,6120,3688,1,3
20151126 10:34:29.696,3685,3718,3675,3689,6120,3688,1,3
20151126 10:34:30.224,3686,3718,3675,3689,6120,3688,8,3
20151126 10:34:36.361,3687,3718,3675,3689,6120,3688,1,3
20151126 10:34:40.597,3687,3718,3675,3689,6120,3688,5,3
20151126 10:34:58.275,3687,3718,3675,3689,6124,3689,5,1
20151126 10:34:58.306,3687,3718,3675,3695,6124,3689,5,17
20151126 10:34:59.264,3688,3718,3675,3694,6124,3689,3,7
20151126 10:35:00.651,3688,3718,3675,3694,6124,3689,3,9
20151126 10:35:01.274,3688,3718,3675,3694,6124,3689,3,7
20151126 10:35:02.815,3688,3718,3675,3694,6124,3689,3,8
20151126 10:35:03.435,3688,3718,3675,3694,6124,3689,3,7
20151126 10:35:04.003,3688,3718,3675,3694,6124,3689,3,8
20151126 10:35:06.260,3688,3718,3675,3694,6124,3689,3,7
20151126 10:35:06.868,3688,3718,3675,3694,6124,3689,3,8
20151126 10:35:08.149,3688,3718,3675,3694,6124,3689,3,7
20151126 10:35:15.296,3688,3718,3675,3693,6124,3689,3,2
20151126 10:35:15.567,3688,3718,3675,3692,6124,3689,3,3
20151126 10:35:18.373,3689,3718,3675,3692,6124,3689,1,3
20151126 10:35:18.638,3690,3718,3675,3692,6124,3689,3,3
20151126 10:36:03.243,3690,3718,3675,3692,6124,3689,4,3
20151126 10:36:10.300,3690,3718,3675,3692,6126,3692,5,2
20151126 10:36:10.739,3690,3718,3675,3694,6126,3692,5,4
20151126 10:36:11.422,3690,3718,3675,3693,6126,3692,5,4
20151126 10:36:15.904,3691,3718,3675,3693,6126,3692,1,4
20151126 10:36:35.942,3690,3718,3675,3691,6128,3691,1,5
20151126 10:36:36.433,3690,3718,3675,3694,6128,3691,1,5
20151126 10:36:36.889,3690,3718,3675,3693,6128,3691,1,4
20151126 10:36:46.067,3691,3718,3675,3693,6128,3691,4,4
20151126 10:36:55.631,3692,3718,3675,3693,6128,3691,2,4
20151126 10:36:56.101,3690,3718,3675,3692,6132,3692,1,3
20151126 10:36:56.600,3691,3718,3675,3694,6132,3692,4,4
20151126 10:36:56.966,3691,3718,3675,3693,6132,3692,4,4
20151126 10:37:44.389,3691,3718,3675,3693,6138,3691,1,3
20151126 10:37:44.823,3690,3718,3675,3693,6138,3691,1,3
20151126 10:37:45.474,3691,3718,3675,3693,6138,3691,1,3
20151126 10:37:45.832,3690,3718,3675,3693,6138,3691,1,3
20151126 10:37:46.823,3691,3718,3675,3693,6138,3691,1,3
20151126 10:37:46.843,3690,3718,3675,3693,6138,3691,1,3
20151126 10:37:47.467,3691,3718,3675,3693,6138,3691,1,3
20151126 10:37:47.860,3690,3718,3675,3693,6138,3691,1,3
20151126 10:37:48.746,3691,3718,3675,3693,6138,3691,1,3
20151126 10:37:48.871,3690,3718,3675,3693,6138,3691,1,3
20151126 10:37:49.384,3691,3718,3675,3693,6138,3691,1,3
20151126 10:37:49.895,3690,3718,3675,3693,6138,3691,1,3
20151126 10:37:50.889,3691,3718,3675,3693,6138,3691,1,3
20151126 10:37:51.155,3690,3718,3675,3693,6138,3691,1,3
20151126 10:37:51.443,3691,3718,3675,3693,6138,3691,1,3
20151126 10:37:52.420,3690,3718,3675,3693,6138,3691,1,3
20151126 10:37:52.891,3691,3718,3675,3693,6138,3691,1,3
20151126 10:37:53.360,3690,3718,3675,3693,6138,3691,1,3
20151126 10:37:53.708,3691,3718,3675,3693,6138,3691,1,3
20151126 10:37:54.012,3690,3718,3675,3693,6138,3691,1,3
20151126 10:37:54.520,3691,3718,3675,3693,6138,3691,1,3
20151126 10:37:55.390,3690,3718,3675,3693,6138,3691,1,3
20151126 10:37:55.618,3691,3718,3675,3693,6138,3691,1,3
20151126 10:37:55.998,3690,3718,3675,3693,6138,3691,1,3
20151126 10:37:56.550,3691,3718,3675,3693,6138,3691,1,3
20151126 10:37:57.013,3690,3718,3675,3693,6138,3691,1,3
20151126 10:37:57.837,3691,3718,3675,3693,6138,3691,1,3
20151126 10:37:58.041,3690,3718,3675,3693,6138,3691,1,3
20151126 10:37:58.524,3691,3718,3675,3693,6138,3691,1,3
20151126 10:37:59.178,3690,3718,3675,3693,6138,3691,1,3
20151126 10:37:59.671,3691,3718,3675,3693,6138,3691,1,3
20151126 10:38:00.238,3690,3718,3675,3693,6138,3691,1,3
20151126 10:38:00.542,3691,3718,3675,3693,6138,3691,1,3
20151126 10:38:01.043,3690,3718,3675,3693,6138,3691,1,3
20151126 10:38:01.659,3691,3718,3675,3693,6138,3691,1,3
20151126 10:38:02.064,3690,3718,3675,3693,6138,3691,1,3
20151126 10:38:03.036,3691,3718,3675,3693,6138,3691,1,3
20151126 10:38:03.156,3690,3718,3675,3693,6138,3691,1,3
20151126 10:38:03.583,3691,3718,3675,3693,6138,3691,1,3
20151126 10:38:04.081,3690,3718,3675,3693,6138,3691,1,3
20151126 10:38:04.591,3691,3718,3675,3693,6138,3691,1,3
20151126 10:38:05.101,3690,3718,3675,3693,6138,3691,1,3
20151126 10:38:06.018,3691,3718,3675,3693,6138,3691,1,3
20151126 10:38:06.112,3690,3718,3675,3693,6138,3691,1,3
20151126 10:38:06.650,3691,3718,3675,3693,6138,3691,1,3
20151126 10:38:07.120,3690,3718,3675,3693,6138,3691,1,3
20151126 10:38:07.717,3691,3718,3675,3693,6138,3691,1,3
20151126 10:38:08.154,3690,3718,3675,3693,6138,3691,1,3
20151126 10:38:08.904,3691,3718,3675,3693,6138,3691,1,3
20151126 10:38:09.132,3690,3718,3675,3693,6138,3691,1,3
20151126 10:38:09.754,3691,3718,3675,3693,6138,3691,1,3
20151126 10:38:10.614,3690,3718,3675,3693,6138,3691,1,3
20151126 10:38:11.109,3691,3718,3675,3693,6138,3691,1,3
20151126 10:38:11.638,3690,3718,3675,3693,6138,3691,1,3
20151126 10:38:11.813,3691,3718,3675,3693,6138,3691,1,3
20151126 10:38:12.147,3690,3718,3675,3693,6138,3691,1,3
20151126 10:38:12.923,3691,3718,3675,3693,6138,3691,1,3
20151126 10:38:13.233,3690,3718,3675,3693,6138,3691,1,3
20151126 10:38:13.743,3691,3718,3675,3693,6138,3691,1,3
20151126 10:38:14.294,3690,3718,3675,3693,6138,3691,1,3
20151126 10:38:14.683,3691,3718,3675,3693,6138,3691,1,3
20151126 10:38:15.246,3690,3718,3675,3693,6138,3691,1,3
20151126 10:38:15.986,3691,3718,3675,3693,6138,3691,1,3
20151126 10:38:16.415,3690,3718,3675,3693,6138,3691,1,3
20151126 10:38:16.998,3691,3718,3675,3693,6138,3691,1,3
20151126 10:38:17.499,3690,3718,3675,3693,6138,3691,1,3
20151126 10:38:18.176,3691,3718,3675,3693,6138,3691,1,3
20151126 10:38:18.684,3690,3718,3675,3693,6138,3691,1,3
20151126 10:38:18.781,3691,3718,3675,3693,6138,3691,1,3
20151126 10:38:19.276,3690,3718,3675,3693,6138,3691,1,3
20151126 10:38:20.036,3691,3718,3675,3693,6138,3691,1,3
20151126 10:38:20.294,3690,3718,3675,3693,6138,3691,1,3
20151126 10:38:21.109,3691,3718,3675,3693,6138,3691,1,3
20151126 10:38:21.774,3690,3718,3675,3693,6138,3691,1,3
20151126 10:38:21.824,3691,3718,3675,3693,6138,3691,1,3
20151126 10:38:22.662,3690,3718,3675,3693,6138,3691,1,3
20151126 10:38:23.338,3691,3718,3675,3693,6138,3691,1,3
20151126 10:38:23.700,3690,3718,3675,3693,6138,3691,1,3
20151126 10:38:24.153,3691,3718,3675,3693,6138,3691,1,3
20151126 10:38:24.830,3690,3718,3675,3693,6138,3691,1,3
20151126 10:38:25.121,3691,3718,3675,3693,6138,3691,1,3
20151126 10:38:25.557,3690,3718,3675,3693,6138,3691,1,3
20151126 10:38:25.904,3691,3718,3675,3693,6138,3691,1,3
20151126 10:38:26.405,3690,3718,3675,3693,6138,3691,1,3
20151126 10:38:27.024,3691,3718,3675,3693,6138,3691,1,3
20151126 10:38:27.422,3690,3718,3675,3693,6138,3691,1,3
20151126 10:38:28.321,3691,3718,3675,3693,6138,3691,1,3
20151126 10:38:28.895,3690,3718,3675,3693,6138,3691,1,3
20151126 10:38:29.421,3691,3718,3675,3693,6138,3691,1,3
20151126 10:38:29.569,3690,3718,3675,3693,6138,3691,1,3
20151126 10:38:29.946,3691,3718,3675,3693,6138,3691,1,3
20151126 10:38:30.452,3690,3718,3675,3693,6138,3691,1,3
20151126 10:38:31.266,3691,3718,3675,3693,6138,3691,1,3
20151126 10:38:31.468,3690,3718,3675,3693,6138,3691,1,3
20151126 10:38:31.970,3691,3718,3675,3693,6138,3691,1,3
20151126 10:38:32.524,3690,3718,3675,3693,6138,3691,1,3
20151126 10:38:32.983,3691,3718,3675,3693,6138,3691,1,3
20151126 10:38:33.502,3690,3718,3675,3693,6138,3691,1,3
20151126 10:38:34.003,3691,3718,3675,3693,6138,3691,1,3
20151126 10:38:34.512,3690,3718,3675,3693,6138,3691,1,3
20151126 10:38:35.016,3691,3718,3675,3693,6138,3691,1,3
20151126 10:38:35.815,3690,3718,3675,3693,6138,3691,1,3
20151126 10:38:36.374,3691,3718,3675,3693,6138,3691,1,3
20151126 10:38:36.532,3690,3718,3675,3693,6138,3691,1,3
20151126 10:38:37.032,3691,3718,3675,3693,6138,3691,1,3
20151126 10:38:37.543,3690,3718,3675,3693,6138,3691,1,3
20151126 10:38:38.041,3691,3718,3675,3693,6138,3691,1,3
20151126 10:38:38.553,3690,3718,3675,3693,6138,3691,1,3
20151126 10:38:39.409,3691,3718,3675,3693,6138,3691,1,3
20151126 10:38:39.844,3690,3718,3675,3693,6138,3691,1,3
20151126 10:38:40.533,3691,3718,3675,3693,6138,3691,1,3
20151126 10:38:40.874,3690,3718,3675,3693,6138,3691,1,3
20151126 10:38:41.083,3691,3718,3675,3693,6138,3691,1,3
20151126 10:38:41.899,3690,3718,3675,3693,6138,3691,1,3
20151126 10:38:42.580,3691,3718,3675,3693,6138,3691,1,3
20151126 10:38:42.650,3690,3718,3675,3693,6138,3691,1,3
20151126 10:38:43.566,3691,3718,3675,3693,6138,3691,1,3
20151126 10:38:43.703,3690,3718,3675,3693,6138,3691,1,3
20151126 10:38:44.340,3691,3718,3675,3693,6138,3691,1,3
20151126 10:38:45.143,3690,3718,3675,3693,6138,3691,1,3
20151126 10:38:45.503,3691,3718,3675,3693,6138,3691,1,3
20151126 10:38:45.976,3690,3718,3675,3693,6138,3691,1,3
20151126 10:38:46.540,3691,3718,3675,3693,6138,3691,1,3
20151126 10:38:47.121,3690,3718,3675,3693,6138,3691,1,3
20151126 10:38:47.427,3691,3718,3675,3693,6138,3691,1,3
20151126 10:38:47.814,3690,3718,3675,3693,6138,3691,1,3
20151126 10:38:48.210,3691,3718,3675,3693,6138,3691,1,3
20151126 10:38:48.710,3690,3718,3675,3693,6138,3691,1,3
20151126 10:38:49.622,3691,3718,3675,3693,6138,3691,1,3
20151126 10:38:49.891,3690,3718,3675,3693,6138,3691,1,3
20151126 10:38:50.240,3691,3718,3675,3693,6138,3691,1,3
20151126 10:38:50.747,3690,3718,3675,3693,6138,3691,1,3
20151126 10:38:51.659,3691,3718,3675,3693,6138,3691,1,3
20151126 10:38:51.961,3690,3718,3675,3693,6138,3691,1,3
20151126 10:38:52.766,3691,3718,3675,3693,6138,3691,1,3
20151126 10:38:53.265,3690,3718,3675,3693,6138,3691,1,3
20151126 10:38:53.534,3691,3718,3675,3693,6138,3691,1,3
20151126 10:38:54.237,3690,3718,3675,3693,6138,3691,1,3
20151126 10:38:54.590,3691,3718,3675,3693,6138,3691,1,3
20151126 10:38:54.828,3690,3718,3675,3693,6138,3691,1,3
20151126 10:38:55.311,3691,3718,3675,3693,6138,3691,1,3
20151126 10:38:56.022,3690,3718,3675,3693,6138,3691,1,3
20151126 10:38:56.535,3691,3718,3675,3693,6138,3691,1,3
20151126 10:38:57.194,3690,3718,3675,3693,6138,3691,1,3
20151126 10:38:57.808,3691,3718,3675,3693,6138,3691,1,3
20151126 10:38:58.286,3690,3718,3675,3693,6138,3691,1,3
20151126 10:38:58.841,3691,3718,3675,3693,6138,3691,1,3
20151126 10:38:58.872,3690,3718,3675,3693,6138,3691,1,3
20151126 10:38:59.683,3691,3718,3675,3693,6138,3691,1,3
20151126 10:39:00.368,3690,3718,3675,3693,6138,3691,1,3
20151126 10:39:00.706,3691,3718,3675,3693,6138,3691,1,3
20151126 10:39:01.385,3690,3718,3675,3693,6138,3691,1,3
20151126 10:39:01.630,3691,3718,3675,3693,6138,3691,1,3
20151126 10:39:02.279,3692,3718,3675,3693,6138,3691,1,3
20151126 10:39:02.463,3690,3718,3675,3693,6138,3691,1,3
20151126 10:39:03.417,3691,3718,3675,3693,6138,3691,1,3
20151126 10:39:03.462,3690,3718,3675,3693,6138,3691,1,3
20151126 10:39:03.969,3691,3718,3675,3693,6138,3691,1,3
20151126 10:39:04.483,3690,3718,3675,3693,6138,3691,1,3
20151126 10:39:04.982,3691,3718,3675,3693,6138,3691,1,3
20151126 10:39:05.495,3690,3718,3675,3693,6138,3691,1,3
20151126 10:39:06.459,3691,3718,3675,3693,6138,3691,1,3
20151126 10:39:06.970,3690,3718,3675,3693,6138,3691,1,3
20151126 10:39:07.034,3691,3718,3675,3693,6138,3691,1,3
20151126 10:39:07.884,3690,3718,3675,3693,6138,3691,1,3
20151126 10:39:08.008,3691,3718,3675,3693,6138,3691,1,3
20151126 10:39:08.731,3690,3718,3675,3693,6138,3691,1,3
20151126 10:39:09.036,3691,3718,3675,3693,6138,3691,1,3
20151126 10:39:09.544,3690,3718,3675,3693,6138,3691,1,3
20151126 10:39:10.075,3691,3718,3675,3693,6138,3691,1,3
20151126 10:39:11.019,3690,3718,3675,3693,6138,3691,1,3
20151126 10:39:11.510,3690,3718,3675,3691,6140,3691,1,9
20151126 10:39:12.005,3690,3718,3675,3691,6144,3691,1,7
20151126 10:39:44.221,3690,3718,3675,3691,6144,3691,3,7
20151126 10:39:46.406,3690,3718,3675,3691,6148,3691,3,5
20151126 10:39:51.440,3690,3718,3675,3691,6148,3691,1,5
20151126 10:40:04.763,3690,3718,3675,3695,6158,3691,1,17
20151126 10:40:05.286,3690,3718,3675,3694,6158,3691,1,4
20151126 10:40:11.333,3690,3718,3675,3694,6158,3691,2,4
20151126 10:40:13.880,3690,3718,3675,3694,6158,3691,3,4
20151126 10:40:14.864,3690,3718,3675,3694,6158,3691,4,4
20151126 10:40:21.910,3690,3718,3675,3694,6158,3691,3,4
20151126 10:40:24.809,3690,3718,3675,3694,6158,3691,4,4
20151126 10:40:26.950,3690,3718,3675,3694,6158,3691,5,4
20151126 10:40:31.238,3691,3718,3675,3694,6158,3691,1,4
20151126 10:40:38.053,3691,3718,3675,3693,6158,3691,1,1
20151126 10:40:41.501,3691,3718,3675,3692,6158,3691,1,4
20151126 10:40:42.678,3691,3718,3675,3692,6158,3691,2,4
20151126 10:40:48.965,3691,3718,3675,3692,6158,3691,4,4
20151126 10:40:50.259,3691,3718,3675,3692,6158,3691,2,4
20151126 10:40:51.299,3691,3718,3675,3692,6162,3692,4,2
20151126 10:40:51.870,3692,3718,3675,3693,6162,3692,120,1
20151126 10:40:52.059,3692,3718,3675,3695,6164,3693,122,17
20151126 10:40:52.404,3692,3718,3675,3694,6164,3693,122,4
20151126 10:40:55.092,3693,3718,3675,3694,6164,3693,2,4
20151126 10:41:00.459,3693,3718,3675,3694,6168,3694,2,2
20151126 10:41:00.941,3693,3718,3675,3695,6172,3694,2,17
20151126 10:41:01.110,3694,3718,3675,3695,6172,3694,4,17
20151126 10:41:01.626,3693,3718,3675,3695,6172,3694,2,17
20151126 10:41:02.367,3694,3718,3675,3695,6172,3694,4,17
20151126 10:41:03.948,3694,3718,3675,3695,6172,3694,5,17
20151126 10:41:04.294,3694,3718,3675,3695,6204,3695,4,1
20151126 10:41:06.425,3695,3718,3675,3696,6206,3695,1,13
20151126 10:41:08.490,3693,3718,3675,3696,6214,3696,1,9
20151126 10:41:10.974,3693,3718,3675,3696,6214,3696,3,9
20151126 10:41:12.075,3693,3718,3675,3695,6214,3696,3,4
20151126 10:41:16.623,3693,3718,3675,3696,6214,3696,3,9
20151126 10:41:28.206,3693,3718,3675,3695,6214,3696,4,4
20151126 10:41:44.727,3693,3718,3675,3695,6214,3696,3,4
20151126 10:42:16.942,3693,3718,3675,3696,6214,3696,3,9
20151126 10:42:17.795,3693,3718,3675,3695,6214,3696,3,4
20151126 10:42:17.801,3693,3718,3675,3696,6214,3696,3,9
20151126 10:42:24.073,3693,3718,3675,3695,6214,3696,3,4
20151126 10:42:56.491,3693,3718,3675,3695,6214,3696,1,4
20151126 10:42:57.656,3693,3718,3675,3695,6216,3695,1,3
20151126 10:42:59.898,3693,3718,3675,3695,6216,3695,3,3
20151126 10:43:06.339,3695,3718,3675,3696,6222,3695,117,9
20151126 10:43:10.658,3695,3718,3675,3696,6228,3696,117,6
20151126 10:43:31.611,3696,3718,3675,3697,6240,3696,49,22
20151126 10:43:39.743,3695,3718,3675,3696,6338,3696,117,35
20151126 10:43:47.846,3695,3718,3675,3696,6340,3696,117,34
20151126 10:43:54.032,3695,3718,3675,3696,6340,3696,118,34
20151126 10:44:09.555,3695,3718,3675,3696,6342,3696,118,33
20151126 10:44:12.221,3695,3718,3675,3696,6342,3696,117,33
20151126 10:44:50.412,3692,3718,3675,3696,6576,3695,121,33
20151126 10:44:50.427,3692,3718,3675,3695,6576,3695,121,4
20151126 10:44:51.417,3693,3718,3675,3695,6576,3695,4,4
20151126 10:44:55.915,3693,3718,3675,3695,6576,3695,4,7
20151126 10:46:56.270,3692,3718,3675,3695,6576,3695,120,3
20151126 10:47:23.593,3692,3718,3675,3695,6576,3695,121,3
20151126 10:47:31.301,3693,3718,3675,3695,6576,3695,2,3
20151126 10:47:42.154,3693,3718,3675,3695,6576,3695,3,3
20151126 10:47:44.657,3693,3718,3675,3695,6576,3695,2,3
20151126 10:48:07.313,3693,3718,3675,3695,6576,3695,3,3
20151126 10:48:41.076,3693,3718,3675,3695,6576,3695,2,3
20151126 10:49:38.275,3693,3718,3675,3695,6576,3695,3,3
20151126 10:52:05.910,3693,3718,3675,3695,6576,3695,1,3
20151126 10:54:11.041,3692,3718,3675,3695,6588,3694,117,5
20151126 10:54:50.383,3692,3718,3675,3695,6588,3694,118,5
20151126 10:54:56.218,3692,3718,3675,3695,6588,3694,117,5
20151126 10:55:13.775,3692,3718,3675,3696,6598,3695,117,33
20151126 10:55:23.929,3693,3718,3675,3696,6598,3695,1,33
20151126 10:55:48.502,3693,3718,3675,3695,6598,3695,1,1
20151126 10:55:57.355,3692,3718,3675,3695,6598,3695,117,1
20151126 10:56:13.232,3693,3718,3675,3695,6598,3695,2,1
20151126 10:56:17.566,3693,3718,3675,3695,6598,3695,4,1
20151126 10:56:30.059,3693,3718,3675,3696,6600,3695,4,34
20151126 10:56:40.527,3693,3718,3675,3695,6600,3695,4,1
20151126 10:56:54.121,3693,3718,3675,3695,6606,3693,1,1
20151126 10:56:57.069,3692,3718,3675,3695,6606,3693,117,1
20151126 10:57:00.172,3692,3718,3675,3695,6606,3693,117,3
20151126 10:57:08.540,3692,3718,3675,3694,6606,3693,117,2
20151126 10:58:53.817,3692,3718,3675,3694,6606,3693,1,2
20151126 10:58:53.928,3692,3718,3675,3694,6606,3693,1,4
20151126 10:59:01.129,3690,3718,3675,3692,6608,3692,5,1
20151126 10:59:02.583,3690,3718,3675,3694,6608,3692,5,4
20151126 11:00:02.255,3690,3718,3675,3694,6610,3690,4,4
20151126 11:00:02.681,3684,3718,3675,3694,6618,3690,5,4
20151126 11:00:03.339,3684,3718,3675,3694,6618,3690,11,4
20151126 11:00:03.754,3684,3718,3675,3694,6618,3690,7,4
20151126 11:00:03.909,3684,3718,3675,3694,6618,3690,6,4
20151126 11:00:08.636,3684,3718,3675,3694,6618,3690,21,4
20151126 11:00:09.268,3684,3718,3675,3694,6618,3690,15,4
20151126 11:00:09.901,3684,3718,3675,3694,6618,3690,31,4
20151126 11:00:13.250,3684,3718,3675,3694,6618,3690,1,4
20151126 11:00:13.876,3684,3718,3675,3693,6618,3690,1,3
20151126 11:00:27.017,3685,3718,3675,3693,6618,3690,8,3
20151126 11:00:28.033,3685,3718,3675,3693,6618,3690,9,3
20151126 11:00:31.690,3685,3718,3675,3693,6618,3690,9,2
20151126 11:00:32.078,3685,3718,3675,3693,6618,3690,8,2
20151126 11:00:36.762,3685,3718,3675,3693,6618,3690,13,2
20151126 11:00:36.990,3685,3718,3675,3693,6618,3690,15,2
20151126 11:00:39.760,3685,3718,3675,3693,6618,3690,14,2
20151126 11:00:45.761,3685,3718,3675,3693,6618,3690,1,2
20151126 11:00:46.052,3685,3718,3675,3693,6618,3690,14,2
20151126 11:00:46.428,3685,3718,3675,3693,6618,3690,1,2
20151126 11:00:59.137,3685,3718,3675,3693,6618,3690,14,2
20151126 11:01:00.307,3685,3718,3675,3693,6618,3690,11,2
20151126 11:01:01.263,3685,3718,3675,3693,6618,3690,11,3
20151126 11:01:02.305,3685,3718,3675,3693,6618,3690,10,3
20151126 11:01:04.953,3685,3718,3675,3693,6618,3690,11,3
20151126 11:01:07.139,3685,3718,3675,3693,6618,3690,14,3
20151126 11:01:07.484,3685,3718,3675,3693,6618,3690,15,3
20151126 11:01:13.559,3685,3718,3675,3693,6618,3690,19,3
20151126 11:01:16.531,3685,3718,3675,3693,6618,3690,1,2
20151126 11:01:24.842,3686,3718,3675,3693,6618,3690,3,2
20151126 11:01:25.542,3686,3718,3675,3693,6618,3690,1,2
20151126 11:01:36.077,3686,3718,3675,3693,6618,3690,1,4
20151126 11:02:07.135,3686,3718,3675,3693,6620,3693,1,3
20151126 11:02:22.057,3688,3718,3675,3693,6620,3693,1,3
20151126 11:02:24.777,3688,3718,3675,3693,6620,3693,1,2
20151126 11:02:51.383,3690,3718,3675,3693,6620,3693,1,2
20151126 11:02:56.453,3690,3718,3675,3693,6620,3693,1,3
20151126 11:03:03.653,3690,3718,3675,3693,6620,3693,1,4
20151126 11:03:19.842,3690,3718,3675,3693,6620,3693,1,3
20151126 11:03:24.935,3691,3718,3675,3693,6620,3693,1,3
20151126 11:03:27.763,3691,3718,3675,3693,6620,3693,1,4
20151126 11:03:41.871,3691,3718,3675,3693,6620,3693,1,3
20151126 11:03:42.287,3691,3718,3675,3693,6620,3693,1,4
20151126 11:03:48.467,3691,3718,3675,3693,6620,3693,1,3
20151126 11:04:04.038,3691,3718,3675,3693,6620,3693,1,4
20151126 11:04:04.539,3691,3718,3675,3693,6620,3693,1,3
20151126 11:04:05.428,3691,3718,3675,3693,6620,3693,1,4
20151126 11:04:06.347,3690,3718,3675,3693,6622,3691,1,3
20151126 11:04:06.533,3690,3718,3675,3691,6622,3691,1,12
20151126 11:04:07.020,3690,3718,3675,3693,6622,3691,1,4
20151126 11:04:09.397,3690,3718,3675,3693,6622,3691,1,3
20151126 11:04:14.084,3690,3718,3675,3693,6622,3691,1,4
20151126 11:04:25.232,3690,3718,3675,3693,6622,3691,1,3
20151126 11:04:25.733,3690,3718,3675,3693,6622,3691,1,4
20151126 11:04:32.660,3690,3718,3675,3693,6622,3691,1,3
20151126 11:05:14.864,3690,3718,3675,3693,6622,3691,2,3
20151126 11:05:57.907,3690,3718,3675,3693,6622,3691,1,3
20151126 11:05:58.413,3690,3718,3675,3693,6622,3691,2,3
20151126 11:06:16.798,3690,3718,3675,3693,6622,3691,1,3
20151126 11:06:30.439,3690,3718,3675,3693,6622,3691,2,3
20151126 11:06:36.910,3690,3718,3675,3693,6622,3691,1,3
20151126 11:06:46.768,3690,3718,3675,3692,6622,3691,1,1
20151126 11:06:48.196,3690,3718,3675,3692,6622,3691,2,1
20151126 11:06:50.071,3690,3718,3675,3692,6622,3691,1,1
20151126 11:06:51.200,3690,3718,3675,3692,6622,3691,2,1
20151126 11:07:11.556,3690,3718,3675,3692,6622,3691,1,1
20151126 11:07:12.025,3690,3718,3675,3692,6622,3691,2,1
20151126 11:07:12.512,3690,3718,3675,3692,6622,3691,1,1
20151126 11:07:15.108,3690,3718,3675,3692,6622,3691,2,1
20151126 11:07:17.398,3690,3718,3675,3692,6622,3691,3,1
20151126 11:07:19.048,3690,3718,3675,3692,6622,3691,2,1
20151126 11:07:21.021,3690,3718,3675,3692,6622,3691,3,1
20151126 11:07:23.226,3690,3718,3675,3692,6622,3691,2,1
20151126 11:07:23.374,3690,3718,3675,3693,6622,3691,2,3
20151126 11:07:32.616,3690,3718,3675,3693,6622,3691,3,3
20151126 11:07:34.334,3690,3718,3675,3693,6622,3691,2,3
20151126 11:07:34.662,3690,3718,3675,3693,6622,3691,3,3
20151126 11:07:41.716,3690,3718,3675,3693,6622,3691,2,3
20151126 11:07:46.931,3690,3718,3675,3693,6622,3691,1,3
20151126 11:07:51.589,3690,3718,3675,3693,6622,3691,2,3
20151126 11:07:54.074,3690,3718,3675,3693,6622,3691,1,3
20151126 11:08:00.621,3690,3718,3675,3693,6622,3691,2,3
20151126 11:08:00.747,3690,3718,3675,3694,6628,3693,2,2
20151126 11:08:06.167,3690,3718,3675,3694,6628,3693,3,2
20151126 11:08:08.523,3690,3718,3675,3694,6628,3693,2,2
20151126 11:08:20.129,3690,3718,3675,3694,6628,3693,1,2
20151126 11:08:20.635,3690,3718,3675,3694,6628,3693,2,2
20151126 11:08:23.693,3690,3718,3675,3694,6628,3693,4,2
20151126 11:08:49.275,3690,3718,3675,3694,6628,3693,5,2
20151126 11:08:55.957,3690,3718,3675,3694,6628,3693,6,2
20151126 11:09:02.279,3690,3718,3675,3694,6628,3693,7,2
20151126 11:09:03.583,3690,3718,3675,3694,6628,3693,4,2
20151126 11:09:30.298,3690,3718,3675,3694,6628,3693,7,2
20151126 11:09:35.468,3690,3718,3675,3694,6628,3693,6,2
20151126 11:09:54.573,3690,3718,3675,3694,6628,3693,7,2
20151126 11:10:03.797,3691,3718,3675,3694,6628,3693,1,2
20151126 11:11:06.220,3691,3718,3675,3694,6628,3693,4,2
20151126 11:11:41.430,3691,3718,3675,3694,6628,3693,1,2
20151126 11:11:45.026,3691,3718,3675,3695,6628,3693,1,3
20151126 11:12:26.361,3691,3718,3675,3695,6628,3693,4,3
20151126 11:12:27.296,3691,3718,3675,3695,6628,3693,1,3
20151126 11:13:35.303,3691,3718,3675,3695,6630,3695,1,2
20151126 11:13:44.844,3691,3718,3675,3695,6630,3695,3,2
20151126 11:13:59.989,3691,3718,3675,3695,6630,3695,3,3
20151126 11:14:46.222,3691,3718,3675,3695,6630,3695,6,3
20151126 11:14:47.097,3691,3718,3675,3695,6630,3695,3,3
20151126 11:15:10.014,3691,3718,3675,3695,6630,3695,6,3
20151126 11:15:12.946,3691,3718,3675,3695,6630,3695,3,3
20151126 11:16:39.789,3691,3718,3675,3695,6634,3695,3,1
20151126 11:16:45.196,3691,3718,3675,3696,6636,3695,3,33
20151126 11:17:05.315,3692,3718,3675,3696,6636,3695,1,33
20151126 11:17:07.968,3691,3718,3675,3696,6636,3695,3,33
20151126 11:17:09.463,3692,3718,3675,3696,6636,3695,2,33
20151126 11:17:35.816,3692,3718,3675,3695,6636,3695,2,2
20151126 11:19:00.749,3692,3718,3675,3695,6638,3695,18,1
20151126 11:19:01.560,3692,3718,3675,3695,6638,3695,2,1
20151126 11:19:01.806,3692,3718,3675,3695,6638,3695,19,1
20151126 11:19:02.242,3692,3718,3675,3695,6638,3695,2,1
20151126 11:19:02.990,3692,3718,3675,3695,6638,3695,14,1
20151126 11:19:03.635,3692,3718,3675,3695,6638,3695,2,1
20151126 11:19:03.938,3692,3718,3675,3695,6638,3695,14,1
20151126 11:19:04.544,3692,3718,3675,3695,6638,3695,2,1
20151126 11:19:05.059,3692,3718,3675,3695,6638,3695,14,1
20151126 11:19:05.299,3692,3718,3675,3695,6638,3695,2,1
20151126 11:19:05.843,3692,3718,3675,3695,6638,3695,14,1
20151126 11:19:06.406,3692,3718,3675,3695,6638,3695,2,1
20151126 11:19:33.005,3690,3718,3675,3695,6638,3695,7,1
20151126 11:19:33.865,3691,3718,3675,3695,6638,3695,2,1
20151126 11:19:39.620,3692,3718,3675,3695,6638,3695,2,1
20151126 11:20:04.044,3692,3718,3675,3695,6638,3695,5,1
20151126 11:20:05.395,3692,3718,3675,3695,6638,3695,12,1
20151126 11:20:18.084,3692,3718,3675,3695,6638,3695,2,1
20151126 11:20:47.940,3692,3718,3675,3695,6638,3695,12,1
20151126 11:20:55.741,3693,3718,3675,3695,6638,3695,3,1
20151126 11:21:00.533,3693,3718,3675,3695,6638,3695,2,1
20151126 11:21:01.571,3693,3718,3675,3695,6638,3695,3,1
20151126 11:22:02.198,3693,3718,3675,3695,6638,3695,1,1
20151126 11:22:35.174,3693,3718,3675,3696,6640,3695,1,34
20151126 11:22:43.456,3693,3718,3675,3695,6640,3695,1,1
20151126 11:22:47.253,3693,3718,3675,3695,6640,3695,1,2
20151126 11:22:51.016,3694,3718,3675,3695,6640,3695,1,2
20151126 11:22:55.830,3694,3718,3675,3695,6640,3695,1,1
20151126 11:23:07.908,3694,3718,3675,3696,6642,3695,1,33
20151126 11:23:30.158,3694,3718,3675,3696,6642,3695,2,33
20151126 11:25:29.409,3694,3718,3675,3696,6644,3694,1,33
20151126 11:25:57.711,3694,3718,3675,3696,6644,3694,2,33
20151126 11:25:58.165,3694,3718,3675,3696,6644,3694,1,33
20151126 11:26:05.849,3694,3718,3675,3696,6644,3694,2,33
20151126 11:26:06.098,3694,3718,3675,3696,6644,3694,1,33
20151126 11:26:09.026,3694,3718,3675,3695,6644,3694,1,1
20151126 11:26:20.131,3694,3718,3675,3695,6644,3694,2,1
20151126 11:26:21.561,3694,3718,3675,3696,6646,3695,2,33
20151126 11:27:05.163,3694,3718,3675,3696,6646,3695,1,33
20151126 11:27:11.105,3694,3718,3675,3696,6646,3695,2,33
20151126 11:27:25.288,3694,3718,3675,3696,6646,3695,3,33
20151126 11:27:31.417,3694,3718,3675,3696,6646,3695,2,33
20151126 11:27:33.042,3694,3718,3675,3696,6646,3695,1,33
20151126 11:27:34.430,3694,3718,3675,3695,6646,3695,1,1
20151126 11:27:40.054,3694,3718,3675,3695,6646,3695,2,1
20151126 11:27:47.998,3694,3718,3675,3695,6646,3695,1,1
20151126 11:27:48.327,3694,3718,3675,3695,6646,3695,2,1
20151126 11:27:48.822,3694,3718,3675,3695,6646,3695,1,1
20151126 11:27:49.537,3695,3718,3675,3696,6648,3695,1,33
20151126 11:27:55.163,3695,3718,3675,3696,6648,3695,2,33
20151126 11:28:13.222,3695,3718,3675,3696,6648,3695,3,33
20151126 11:28:13.719,3695,3718,3675,3696,6648,3695,2,33
20151126 11:28:14.222,3695,3718,3675,3696,6648,3695,3,33
20151126 11:28:14.718,3695,3718,3675,3696,6648,3695,2,33
20151126 11:28:15.220,3695,3718,3675,3696,6648,3695,3,33
20151126 11:28:15.718,3695,3718,3675,3696,6654,3696,2,30
20151126 11:28:16.217,3695,3718,3675,3696,6654,3696,3,30
20151126 11:28:16.717,3695,3718,3675,3696,6654,3696,2,30
20151126 11:28:17.278,3695,3718,3675,3696,6654,3696,3,30
20151126 11:28:18.153,3695,3718,3675,3696,6654,3696,2,30
20151126 11:28:29.126,3695,3718,3675,3696,6656,3696,2,29
20151126 11:28:30.933,3695,3718,3675,3696,6656,3696,3,29
20151126 11:28:33.358,3695,3718,3675,3696,6658,3696,3,28
20151126 11:28:37.128,3695,3718,3675,3696,6660,3696,3,27
20151126 11:28:39.419,3695,3718,3675,3696,6680,3696,3,17
20151126 11:28:41.968,3695,3718,3675,3696,6680,3696,2,17
20151126 11:28:42.424,3694,3718,3675,3695,6684,3695,9,8
20151126 11:28:42.621,3694,3718,3675,3695,6696,3695,3,2
20151126 11:28:45.575,3694,3718,3675,3696,6714,3696,3,10
20151126 11:28:48.008,3695,3718,3675,3696,6714,3696,3,10
20151126 11:28:53.105,3695,3718,3675,3696,6722,3696,3,6
20151126 11:28:53.467,3695,3718,3675,3696,6724,3696,3,5
20151126 11:28:54.069,3695,3718,3675,3696,6724,3696,2,5
20151126 11:28:54.591,3694,3718,3675,3695,6734,3695,12,6
20151126 11:28:57.589,3694,3718,3675,3695,6740,3695,12,3
20151126 11:28:59.082,3694,3718,3675,3695,6744,3695,12,1
20151126 11:28:59.566,3694,3718,3675,3697,6754,3696,1,18
20151126 11:28:59.997,3695,3718,3675,3697,6754,3696,6,18
20151126 11:29:00.614,3694,3718,3675,3697,6754,3696,12,18
20151126 11:29:00.961,3694,3718,3675,3697,6754,3696,11,18
20151126 11:29:01.576,3694,3718,3675,3696,6754,3696,1,2
20151126 11:29:02.849,3694,3718,3675,3696,6756,3696,1,1
20151126 11:29:06.713,3694,3718,3675,3696,6756,3696,16,1
20151126 11:29:07.252,3695,3718,3675,3696,6756,3696,2,1
20151126 11:29:08.341,3695,3718,3675,3696,6756,3696,3,1
20151126 11:29:09.234,3695,3718,3675,3696,6756,3696,5,1
20151126 11:29:09.730,3695,3718,3675,3697,6758,3696,2,18
20151126 11:29:10.189,3696,3718,3675,3697,6758,3696,32,18
20151126 11:29:10.382,3695,3718,3675,3697,6758,3696,2,18
20151126 11:29:15.287,3695,3718,3675,3697,6758,3696,8,18
20151126 11:29:19.413,3695,3718,3675,3697,6758,3696,2,18
20151126 11:29:19.892,3695,3718,3675,3697,6758,3696,8,18
20151126 11:29:20.524,3695,3718,3675,3697,6758,3696,2,18
20151126 11:29:24.815,3695,3718,3675,3697,6764,3697,3,15
20151126 11:29:25.478,3695,3718,3675,3697,6766,3697,3,14
20151126 11:29:27.044,3695,3718,3675,3697,6768,3697,3,13
20151126 11:29:28.059,3695,3718,3675,3697,6776,3697,4,9
20151126 11:29:28.196,3695,3718,3675,3699,6794,3697,4,1
20151126 11:29:57.945,3695,3718,3675,3702,6796,3699,4,43
20151126 11:29:58.321,3699,3718,3675,3702,6796,3699,6,43
20151126 11:29:58.821,3695,3718,3675,3702,6796,3699,4,43
20151126 13:30:00.856,3701,3718,3675,3702,6800,3702,2,41
20151126 13:30:01.837,3701,3718,3675,3702,6800,3702,13,41
20151126 13:30:02.291,3701,3718,3675,3702,6804,3702,11,39
20151126 13:30:02.843,3701,3718,3675,3702,6818,3702,4,32
20151126 13:30:03.318,3701,3718,3675,3702,6822,3702,3,30
20151126 13:30:03.776,3701,3718,3675,3702,6834,3702,2,24
20151126 13:30:08.792,3701,3718,3675,3702,6854,3702,2,14
20151126 13:30:09.297,3701,3718,3675,3702,6866,3702,2,8
20151126 13:30:14.670,3701,3718,3675,3702,6866,3702,9,8
20151126 13:30:15.410,3701,3718,3675,3702,6878,3702,2,2
20151126 13:30:16.893,3701,3718,3675,3702,6878,3702,3,2
20151126 13:30:17.525,3701,3718,3675,3702,6878,3702,5,2
20151126 13:30:18.893,3701,3718,3675,3702,6878,3702,10,2
20151126 13:30:20.426,3701,3718,3675,3703,6882,3702,2,16
20151126 13:30:20.805,3702,3718,3675,3703,6882,3702,6,16
20151126 13:30:21.432,3701,3718,3675,3703,6882,3702,5,16
20151126 13:30:21.685,3701,3718,3675,3703,6882,3702,4,16
20151126 13:30:22.954,3701,3718,3675,3703,6882,3702,2,16
20151126 13:30:25.887,3701,3718,3675,3703,6882,3702,3,16
20151126 13:30:26.417,3701,3718,3675,3703,6882,3702,2,16
20151126 13:30:29.592,3701,3718,3675,3703,6882,3702,9,16
20151126 13:30:29.913,3701,3718,3675,3703,6882,3702,2,16
20151126 13:30:47.611,3701,3718,3675,3703,6882,3702,9,16
20151126 13:30:48.343,3701,3718,3675,3703,6882,3702,2,16
20151126 13:30:50.167,3696,3718,3675,3703,6882,3702,5,16
20151126 13:30:50.852,3698,3718,3675,3703,6882,3702,2,16
20151126 13:30:52.878,3699,3718,3675,3703,6882,3702,2,16
20151126 13:30:57.364,3700,3718,3675,3703,6882,3702,2,16
20151126 13:31:00.915,3700,3718,3675,3703,6896,3703,5,9
20151126 13:31:01.163,3701,3718,3675,3703,6908,3703,2,3
20151126 13:31:03.224,3701,3718,3675,3703,6908,3703,5,3
20151126 13:31:03.760,3703,3718,3675,3708,6914,3703,3,54
20151126 13:31:04.351,3697,3718,3675,3708,6914,3703,10,54
20151126 13:31:04.870,3701,3718,3675,3708,6914,3703,2,54
20151126 13:31:06.736,3700,3718,3675,3708,6914,3703,2,54
20151126 13:31:07.502,3699,3718,3675,3708,6914,3703,2,54
20151126 13:31:10.227,3699,3718,3675,3707,6914,3703,2,2
20151126 13:31:12.139,3698,3718,3675,3707,6914,3703,2,2
20151126 13:31:16.091,3698,3718,3675,3707,6914,3703,5,2
20151126 13:31:16.147,3699,3718,3675,3707,6914,3703,2,2
20151126 13:31:19.057,3698,3718,3675,3707,6914,3703,2,2
20151126 13:31:20.168,3698,3718,3675,3707,6914,3703,2,3
20151126 13:31:26.213,3699,3718,3675,3707,6914,3703,1,3
20151126 13:31:28.166,3699,3718,3675,3707,6914,3703,1,2
20151126 13:31:29.490,3699,3718,3675,3707,6914,3703,1,3
20151126 13:31:33.363,3699,3718,3675,3707,6914,3703,1,2
20151126 13:31:34.187,3701,3718,3675,3707,6914,3703,2,3
20151126 13:31:38.287,3701,3718,3675,3707,6914,3703,2,2
20151126 13:31:38.671,3701,3718,3675,3707,6914,3703,2,7
20151126 13:31:43.422,3701,3718,3675,3705,6914,3703,2,1
20151126 13:32:02.183,3701,3718,3675,3705,6914,3703,4,1
20151126 13:32:02.356,3701,3718,3675,3703,6914,3703,4,1
20151126 13:32:03.580,3701,3718,3675,3703,6914,3703,3,1
20151126 13:32:05.524,3701,3718,3675,3703,6914,3703,4,1
20151126 13:32:09.756,3701,3718,3675,3703,6914,3703,2,1
20151126 13:32:16.055,3701,3718,3675,3703,6914,3703,3,1
20151126 13:32:16.787,3701,3718,3675,3703,6914,3703,2,1
20151126 13:32:58.170,3701,3718,3675,3703,6914,3703,4,1
20151126 13:32:59.164,3701,3718,3675,3703,6914,3703,2,1
20151126 13:32:59.665,3701,3718,3675,3703,6914,3703,6,1
20151126 13:33:00.172,3701,3718,3675,3703,6914,3703,4,1
20151126 13:33:01.572,3701,3718,3675,3707,6916,3703,4,2
20151126 13:33:03.289,3701,3718,3675,3707,6916,3703,2,2
20151126 13:33:03.810,3701,3718,3675,3707,6916,3703,4,2
20151126 13:33:06.811,3701,3718,3675,3707,6916,3703,2,2
20151126 13:33:08.839,3701,3718,3675,3707,6916,3703,4,2
20151126 13:33:11.173,3707,3718,3675,3708,6920,3707,38,52
20151126 13:33:11.496,3701,3718,3675,3707,6996,3707,4,9
20151126 13:33:12.407,3701,3718,3675,3707,6996,3707,2,3
20151126 13:33:13.859,3702,3718,3675,3707,6996,3707,2,3
20151126 13:33:21.986,3702,3718,3675,3708,6996,3707,2,53
20151126 13:33:22.496,3702,3718,3675,3708,6996,3707,2,52
20151126 13:33:30.930,3702,3718,3675,3708,6996,3707,3,53
20151126 13:33:31.558,3702,3718,3675,3708,6996,3707,3,52
20151126 13:33:36.141,3702,3718,3675,3708,6996,3707,3,56
20151126 13:33:37.268,3702,3718,3675,3707,6996,3707,3,3
20151126 13:33:44.202,3702,3718,3675,3707,6996,3707,5,3
20151126 13:33:49.692,3702,3718,3675,3707,6996,3707,4,3
20151126 13:33:50.100,3702,3718,3675,3707,6996,3707,5,3
20151126 13:33:55.586,3702,3718,3675,3707,6996,3707,3,3
20151126 13:34:01.463,3702,3718,3675,3707,6996,3707,5,3
20151126 13:34:03.337,3702,3718,3675,3708,6996,3707,5,52
20151126 13:34:19.985,3703,3718,3675,3708,6996,3707,2,52
20151126 13:34:20.508,3704,3718,3675,3708,6996,3707,2,52
20151126 13:34:21.650,3703,3718,3675,3708,6996,3707,2,52
20151126 13:34:22.636,3702,3718,3675,3708,6996,3707,5,52
20151126 13:34:28.157,3702,3718,3675,3708,6996,3707,3,52
20151126 13:34:29.273,3703,3718,3675,3708,6996,3707,2,52
20151126 13:34:31.258,3703,3718,3675,3708,6996,3707,3,52
20151126 13:34:31.633,3703,3718,3675,3708,6996,3707,5,52
20151126 13:34:36.343,3703,3718,3675,3707,6996,3707,5,1
20151126 13:35:04.090,3703,3718,3675,3707,6996,3707,3,1
20151126 13:35:05.556,3703,3718,3675,3707,6996,3707,5,1
20151126 13:35:07.180,3703,3718,3675,3707,6996,3707,5,3
20151126 13:35:13.746,3703,3718,3675,3707,6996,3707,3,3
20151126 13:35:13.997,3703,3718,3675,3707,6996,3707,5,3
20151126 13:35:19.151,3703,3718,3675,3707,7000,3707,5,1
20151126 13:35:20.028,3703,3718,3675,3707,7000,3707,3,1
20151126 13:35:26.262,3703,3718,3675,3707,7000,3707,7,1
20151126 13:35:26.686,3704,3718,3675,3707,7000,3707,4,1
20151126 13:35:28.950,3704,3718,3675,3707,7000,3707,5,1
20151126 13:35:33.856,3704,3718,3675,3707,7000,3707,6,1
20151126 13:35:38.400,3704,3718,3675,3707,7000,3707,5,1
20151126 13:35:48.173,3704,3718,3675,3707,7000,3707,5,2
20151126 13:35:49.510,3704,3718,3675,3707,7000,3707,6,2
20151126 13:35:50.659,3704,3718,3675,3707,7000,3707,5,2
20151126 13:36:22.151,3704,3718,3675,3707,7002,3707,5,1
20151126 13:36:30.261,3707,3718,3675,3708,7004,3707,5,53
20151126 13:36:30.689,3704,3718,3675,3707,7014,3707,5,7
20151126 13:36:30.848,3704,3718,3675,3708,7016,3707,5,53
20151126 13:36:31.701,3704,3718,3675,3708,7016,3707,5,52
20151126 13:36:34.329,3704,3718,3675,3708,7018,3708,5,51
20151126 13:36:44.506,3704,3718,3675,3708,7020,3708,5,50
20151126 13:36:46.361,3704,3718,3675,3708,7022,3708,5,49
20151126 13:36:48.939,3704,3718,3675,3708,7024,3708,5,48
20151126 13:37:36.750,3704,3718,3675,3708,7024,3708,5,50
20151126 13:38:00.331,3704,3718,3675,3708,7024,3708,5,53
20151126 13:38:01.405,3704,3718,3675,3707,7024,3708,5,3
20151126 13:38:01.839,3705,3718,3675,3707,7024,3708,1,3
20151126 13:38:06.352,3705,3718,3675,3708,7064,3708,1,34
20151126 13:38:07.054,3705,3718,3675,3708,7064,3708,1,33
20151126 13:38:12.568,3705,3718,3675,3707,7064,3708,1,1
20151126 13:38:15.560,3705,3718,3675,3707,7064,3708,1,4
20151126 13:38:19.639,3705,3718,3675,3707,7064,3708,1,1
20151126 13:38:25.116,3705,3718,3675,3708,7066,3707,1,33
20151126 13:38:30.560,3705,3718,3675,3707,7066,3707,1,2
20151126 13:39:12.658,3705,3718,3675,3707,7066,3707,1,3
20151126 13:39:13.338,3704,3718,3675,3705,7068,3705,5,4
20151126 13:39:13.853,3704,3718,3675,3707,7068,3705,5,2
20151126 13:39:18.891,3705,3718,3675,3707,7068,3705,2,2
20151126 13:39:25.439,3705,3718,3675,3707,7068,3705,5,2
20151126 13:39:38.536,3706,3718,3675,3707,7068,3705,1,2
20151126 13:39:39.112,3705,3718,3675,3706,7070,3706,5,3
20151126 13:39:39.182,3705,3718,3675,3707,7070,3706,5,2
20151126 13:39:42.060,3705,3718,3675,3707,7070,3706,5,4
20151126 13:39:44.158,3705,3718,3675,3707,7070,3706,5,6
20151126 13:39:45.699,3705,3718,3675,3707,7070,3706,5,7
20151126 13:39:45.816,3705,3718,3675,3707,7076,3705,2,7
20151126 13:39:50.271,3705,3718,3675,3707,7076,3705,2,6
20151126 13:39:50.409,3705,3718,3675,3707,7076,3705,2,5
20151126 13:39:51.298,3705,3718,3675,3707,7076,3705,2,6
20151126 13:39:52.104,3705,3718,3675,3707,7076,3705,2,5
20151126 13:39:53.657,3705,3718,3675,3707,7076,3705,2,4
20151126 13:39:56.732,3704,3718,3675,3705,7080,3705,5,18
20151126 13:40:04.397,3702,3718,3675,3704,7090,3704,5,15
20151126 13:40:06.430,3702,3718,3675,3704,7090,3704,4,15
20151126 13:40:25.129,3702,3718,3675,3703,7090,3704,4,1
20151126 13:40:26.659,3703,3718,3675,3704,7092,3703,2,15
20151126 13:40:28.721,3703,3718,3675,3704,7092,3703,2,16
20151126 13:40:30.250,3702,3718,3675,3704,7092,3703,3,16
20151126 13:40:33.222,3702,3718,3675,3704,7092,3703,1,16
20151126 13:40:34.808,3702,3718,3675,3704,7092,3703,1,18
20151126 13:40:35.748,3702,3718,3675,3704,7092,3703,1,19
20151126 13:40:37.243,3702,3718,3675,3703,7092,3703,1,3
20151126 13:41:20.814,3702,3718,3675,3703,7094,3703,1,2
20151126 13:41:23.254,3702,3718,3675,3704,7098,3703,1,16
20151126 13:41:25.466,3702,3718,3675,3704,7098,3703,1,17
20151126 13:41:26.932,3701,3718,3675,3702,7100,3702,2,19
20151126 13:41:28.431,3701,3718,3675,3702,7100,3702,12,19
20151126 13:41:28.674,3701,3718,3675,3702,7100,3702,12,20
20151126 13:41:31.206,3701,3718,3675,3702,7102,3702,12,19
20151126 13:41:34.304,3701,3718,3675,3702,7104,3701,11,19
20151126 13:41:38.262,3700,3718,3675,3702,7106,3701,4,19
20151126 13:41:43.176,3700,3718,3675,3702,7126,3702,4,9
20151126 13:41:45.445,3700,3718,3675,3702,7128,3700,3,9
20151126 13:41:48.437,3700,3718,3675,3702,7136,3700,4,9
20151126 13:41:54.624,3699,3718,3675,3702,7136,3700,1,9
20151126 13:41:55.542,3699,3718,3675,3702,7136,3700,5,9
20151126 13:41:57.904,3699,3718,3675,3702,7136,3700,10,9
20151126 13:42:02.608,3700,3718,3675,3702,7136,3700,1,9
20151126 13:42:15.315,3700,3718,3675,3702,7136,3700,5,9
20151126 13:42:26.434,3702,3718,3675,3704,7154,3702,16,15
20151126 13:42:32.453,3703,3718,3675,3704,7154,3702,25,15
20151126 13:42:34.078,3703,3718,3675,3704,7162,3704,25,11
20151126 13:42:36.708,3703,3718,3675,3704,7168,3703,22,11
20151126 13:42:42.488,3702,3718,3675,3703,7212,3703,16,28
20151126 13:42:46.936,3699,3718,3675,3702,7244,3702,6,37
20151126 13:42:47.794,3699,3718,3675,3703,7344,3703,6,15
20151126 13:42:52.141,3700,3718,3675,3703,7344,3703,3,15
20151126 13:42:52.354,3700,3718,3675,3703,7344,3703,28,15
20151126 13:42:55.183,3703,3718,3675,3704,7374,3703,20,11
20151126 13:42:59.339,3703,3718,3675,3704,7384,3704,15,6
20151126 13:43:00.398,3703,3718,3675,3704,7390,3704,15,3
20151126 13:43:00.875,3700,3718,3675,3704,7390,3704,25,3
20151126 13:43:00.952,3704,3718,3675,3705,7396,3704,12,19
20151126 13:43:01.488,3704,3718,3675,3705,7404,3704,8,19
20151126 13:43:03.672,3704,3718,3675,3705,7404,3704,8,18
20151126 13:43:06.429,3704,3718,3675,3705,7404,3704,8,19
20151126 13:43:06.850,3700,3718,3675,3705,7420,3705,25,11
20151126 13:43:13.481,3700,3718,3675,3705,7420,3705,30,11
20151126 13:43:13.869,3701,3718,3675,3705,7420,3705,1,11
20151126 13:43:20.127,3701,3718,3675,3704,7420,3705,1,1
20151126 13:43:30.187,3701,3718,3675,3704,7420,3705,1,2
20151126 13:43:31.517,3701,3718,3675,3704,7420,3705,2,2
20151126 13:43:35.228,3701,3718,3675,3703,7420,3705,2,1
20151126 13:43:40.330,3701,3718,3675,3703,7420,3705,2,3
20151126 13:43:53.872,3701,3718,3675,3703,7420,3705,1,3
20151126 13:43:58.852,3701,3718,3675,3702,7420,3705,1,1
20151126 13:44:13.565,3701,3718,3675,3703,7422,3702,1,3
20151126 13:44:21.441,3700,3718,3675,3703,7426,3700,74,3
20151126 13:44:30.832,3700,3718,3675,3703,7426,3700,74,4
20151126 13:44:33.195,3700,3718,3675,3703,7426,3700,74,3
20151126 13:44:42.730,3700,3718,3675,3703,7426,3700,74,4
20151126 13:44:47.658,3701,3718,3675,3703,7426,3700,2,4
20151126 13:44:51.126,3701,3718,3675,3703,7426,3700,2,14
20151126 13:45:10.581,3701,3718,3675,3703,7426,3700,2,15
20151126 13:45:12.533,3701,3718,3675,3702,7426,3700,2,1
20151126 13:45:20.985,3700,3718,3675,3702,7430,3701,74,1
20151126 13:45:21.050,3700,3718,3675,3702,7440,3700,69,1
20151126 13:45:21.688,3700,3718,3675,3702,7446,3700,66,1
20151126 13:45:28.034,3700,3718,3675,3702,7446,3700,66,3
20151126 13:45:31.619,3702,3718,3675,3703,7452,3702,4,12
20151126 13:45:35.689,3702,3718,3675,3703,7454,3703,3,11
20151126 13:45:37.600,3700,3718,3675,3703,7460,3703,67,8
20151126 13:45:39.969,3701,3718,3675,3703,7460,3703,2,8
20151126 13:45:40.359,3701,3718,3675,3703,7460,3703,2,10
20151126 13:45:41.813,3701,3718,3675,3703,7460,3703,2,18
20151126 13:45:45.101,3700,3718,3675,3701,7464,3701,67,48
20151126 13:45:50.851,3700,3718,3675,3701,7564,3700,17,48
20151126 13:45:52.067,3700,3718,3675,3701,7568,3700,15,48
20151126 13:45:52.676,3700,3718,3675,3701,7572,3700,13,48
20151126 13:45:58.781,3700,3718,3675,3701,7580,3701,13,44
20151126 13:46:00.492,3695,3718,3675,3700,7618,3700,4,37
20151126 13:46:00.507,3695,3718,3675,3700,7618,3700,6,37
20151126 13:46:03.103,3695,3718,3675,3699,7618,3700,6,2
20151126 13:46:05.448,3696,3718,3675,3699,7618,3700,2,2
20151126 13:46:09.489,3697,3718,3675,3699,7618,3700,3,2
20151126 13:46:12.613,3697,3718,3675,3700,7618,3700,3,37
20151126 13:46:17.722,3696,3718,3675,3700,7618,3700,2,37
20151126 13:46:29.353,3696,3718,3675,3700,7618,3700,4,37
20151126 13:46:41.055,3696,3718,3675,3700,7618,3700,4,38
20151126 13:46:47.100,3696,3718,3675,3700,7618,3700,4,43
20151126 13:46:55.308,3696,3718,3675,3700,7618,3700,2,43
20151126 13:46:59.584,3696,3718,3675,3700,7618,3700,2,48
20151126 13:47:00.857,3696,3718,3675,3700,7618,3700,2,51
20151126 13:47:01.349,3696,3718,3675,3700,7618,3700,2,50
20151126 13:47:03.811,3696,3718,3675,3700,7618,3700,4,43
20151126 13:47:10.800,3697,3718,3675,3700,7618,3700,2,43
20151126 13:47:15.273,3697,3718,3675,3700,7618,3700,2,44
20151126 13:47:44.093,3697,3718,3675,3699,7618,3700,2,1
20151126 13:47:58.950,3697,3718,3675,3699,7618,3700,2,2
20151126 13:48:55.660,3697,3718,3675,3699,7618,3700,2,3
20151126 13:48:58.418,3697,3718,3675,3698,7618,3700,2,1
20151126 13:48:58.765,3697,3718,3675,3698,7618,3700,2,2
20151126 13:49:11.056,3697,3718,3675,3698,7618,3700,3,2
20151126 13:49:12.078,3697,3718,3675,3698,7618,3700,4,2
20151126 13:49:17.771,3697,3718,3675,3698,7618,3700,4,1
20151126 13:49:18.099,3697,3718,3675,3698,7620,3697,3,1
20151126 13:49:18.468,3697,3718,3675,3698,7620,3697,4,1
20151126 13:49:18.847,3697,3718,3675,3698,7622,3697,3,1
20151126 13:49:21.137,3697,3718,3675,3698,7622,3697,5,1
20151126 13:49:21.823,3697,3718,3675,3699,7624,3698,5,1
20151126 13:49:23.219,3698,3718,3675,3699,7624,3698,1,1
20151126 13:49:31.589,3698,3718,3675,3699,7624,3698,7,1
20151126 13:49:32.256,3698,3718,3675,3700,7626,3699,1,37
20151126 13:49:32.789,3699,3718,3675,3700,7626,3699,17,37
20151126 13:49:33.375,3699,3718,3675,3700,7626,3699,30,37
20151126 13:49:33.895,3699,3718,3675,3700,7626,3699,25,37
20151126 13:49:34.671,3699,3718,3675,3700,7628,3700,25,36
20151126 13:49:35.293,3699,3718,3675,3700,7632,3700,25,34
20151126 13:49:37.889,3699,3718,3675,3700,7682,3700,25,9
20151126 13:49:52.125,3699,3718,3675,3700,7682,3700,28,9
20151126 13:49:52.607,3699,3718,3675,3700,7682,3700,25,9
20151126 13:49:57.194,3699,3718,3675,3700,7682,3700,30,9
20151126 13:49:57.656,3700,3718,3675,3701,7700,3700,16,38
20151126 13:49:59.219,3700,3718,3675,3701,7710,3700,61,38
20151126 13:50:04.144,3700,3718,3675,3701,7710,3700,61,40
20151126 13:50:07.882,3700,3718,3675,3701,7732,3701,61,29
20151126 13:50:09.078,3700,3718,3675,3701,7736,3701,61,27
20151126 13:50:31.249,3699,3718,3675,3700,7858,3700,25,183
20151126 13:50:34.087,3699,3718,3675,3700,7862,3699,23,183
20151126 13:50:34.872,3699,3718,3675,3700,7866,3699,21,183
20151126 13:50:35.811,3699,3718,3675,3700,7870,3699,19,183
20151126 13:50:40.328,3699,3718,3675,3700,7872,3700,19,182
20151126 13:50:40.789,3699,3718,3675,3700,7880,3700,19,178
20151126 13:50:40.923,3699,3718,3675,3700,7888,3700,19,174
20151126 13:50:45.975,3699,3718,3675,3700,7890,3699,18,174
20151126 13:50:55.540,3699,3718,3675,3700,7890,3699,21,174
20151126 13:50:56.627,3699,3718,3675,3700,7890,3699,56,174
20151126 13:51:00.394,3699,3718,3675,3700,7890,3699,56,175
20151126 13:51:04.081,3699,3718,3675,3700,7890,3699,27,175
20151126 13:51:04.244,3699,3718,3675,3700,7890,3699,21,175
20151126 13:51:05.551,3699,3718,3675,3700,7890,3699,28,175
20151126 13:51:06.177,3699,3718,3675,3700,7896,3700,21,172
20151126 13:51:07.701,3699,3718,3675,3700,7960,3700,23,140
20151126 13:51:08.068,3699,3718,3675,3700,7984,3700,23,128
20151126 13:51:08.327,3699,3718,3675,3700,7984,3700,21,128
20151126 13:51:18.246,3699,3718,3675,3700,7984,3700,26,128
20151126 13:51:18.505,3699,3718,3675,3700,7984,3700,21,128
20151126 13:51:20.181,3699,3718,3675,3700,7984,3700,33,128
20151126 13:51:20.697,3699,3718,3675,3700,7984,3700,28,128
20151126 13:51:21.167,3699,3718,3675,3700,7984,3700,29,128
20151126 13:51:23.914,3699,3718,3675,3700,7984,3700,28,128
20151126 13:51:25.417,3699,3718,3675,3700,7984,3700,27,128
20151126 13:51:28.955,3699,3718,3675,3700,7984,3700,25,128
20151126 13:51:29.318,3699,3718,3675,3700,7984,3700,33,130
20151126 13:51:31.337,3699,3718,3675,3700,7984,3700,30,130
20151126 13:51:31.624,3699,3718,3675,3700,8084,3700,30,80
20151126 13:51:34.998,3699,3718,3675,3700,8084,3700,31,80
20151126 13:51:35.539,3699,3718,3675,3700,8084,3700,33,80
20151126 13:51:39.495,3699,3718,3675,3700,8108,3700,21,68
20151126 13:51:39.743,3699,3718,3675,3700,8120,3700,21,62
20151126 13:51:40.342,3699,3718,3675,3700,8124,3699,19,60
20151126 13:51:48.216,3699,3718,3675,3700,8218,3700,19,13
20151126 13:51:50.243,3699,3718,3675,3700,8226,3700,19,9
20151126 13:51:54.273,3700,3718,3675,3701,8244,3700,41,25
20151126 13:52:25.836,3700,3718,3675,3701,8244,3700,41,26
20151126 13:52:27.099,3700,3718,3675,3701,8244,3700,41,31
20151126 13:52:28.267,3700,3718,3675,3701,8244,3700,41,35
20151126 13:52:28.663,3700,3718,3675,3701,8244,3700,41,26
20151126 13:52:31.522,3700,3718,3675,3701,8244,3700,41,27
20151126 13:52:33.384,3700,3718,3675,3701,8244,3700,41,35
20151126 13:52:35.623,3700,3718,3675,3701,8246,3700,40,35
20151126 13:52:40.802,3700,3718,3675,3701,8246,3700,40,36
20151126 13:52:42.691,3700,3718,3675,3701,8248,3700,39,35
20151126 13:53:03.238,3700,3718,3675,3701,8256,3700,35,31
20151126 13:53:14.838,3700,3718,3675,3701,8258,3700,34,31
20151126 13:53:31.829,3700,3718,3675,3701,8260,3700,33,31
20151126 13:53:40.741,3700,3718,3675,3701,8262,3700,32,31
20151126 13:53:48.909,3700,3718,3675,3701,8262,3700,32,33
20151126 13:53:55.844,3700,3718,3675,3701,8266,3700,30,31
20151126 13:53:57.202,3700,3718,3675,3701,8266,3700,30,26
20151126 13:53:57.667,3700,3718,3675,3701,8266,3700,30,25
20151126 13:54:07.680,3700,3718,3675,3701,8266,3700,30,27
20151126 13:54:09.006,3700,3718,3675,3701,8266,3700,30,25
20151126 13:54:14.675,3700,3718,3675,3701,8266,3700,30,30
20151126 13:54:22.058,3700,3718,3675,3701,8266,3700,30,35
20151126 13:54:24.536,3700,3718,3675,3701,8266,3700,30,36
20151126 13:54:32.105,3700,3718,3675,3701,8266,3700,30,38
20151126 13:54:32.926,3700,3718,3675,3701,8274,3700,26,34
20151126 13:54:34.082,3700,3718,3675,3701,8274,3700,26,32
20151126 13:54:38.069,3700,3718,3675,3701,8278,3700,24,32
20151126 13:54:45.254,3700,3718,3675,3701,8280,3700,23,32
20151126 13:54:55.770,3700,3718,3675,3701,8280,3700,23,42
20151126 13:55:00.933,3700,3718,3675,3701,8280,3700,23,43
20151126 13:55:25.436,3700,3718,3675,3701,8284,3700,21,41
20151126 13:55:30.827,3700,3718,3675,3701,8286,3700,20,40
20151126 13:55:38.956,3700,3718,3675,3701,8286,3700,20,41
20151126 13:55:44.445,3700,3718,3675,3701,8288,3700,19,40
20151126 13:55:51.782,3700,3718,3675,3701,8292,3700,17,40
20151126 13:55:53.492,3700,3718,3675,3701,8292,3700,17,30
20151126 13:56:04.867,3700,3718,3675,3701,8312,3700,7,30
20151126 13:56:06.168,3700,3718,3675,3701,8316,3700,5,30
20151126 13:56:12.716,3700,3718,3675,3701,8322,3700,2,30
20151126 13:56:14.880,3700,3718,3675,3701,8322,3700,52,30
20151126 13:56:48.552,3700,3718,3675,3701,8326,3701,52,28
20151126 13:57:43.661,3700,3718,3675,3701,8330,3700,50,28
20151126 13:57:48.021,3700,3718,3675,3701,8330,3700,50,29
20151126 13:57:52.705,3700,3718,3675,3701,8330,3700,50,33
20151126 13:57:52.956,3700,3718,3675,3701,8354,3700,38,29
20151126 13:57:54.235,3700,3718,3675,3701,8354,3700,38,35
20151126 13:57:55.764,3700,3718,3675,3701,8356,3700,37,35
20151126 13:57:56.052,3700,3718,3675,3701,8356,3700,37,29
20151126 13:58:06.950,3700,3718,3675,3701,8358,3700,36,29
20151126 13:58:11.761,3699,3718,3675,3700,8430,3700,16,18
20151126 13:58:20.311,3699,3718,3675,3700,8430,3700,16,19
20151126 13:58:22.305,3699,3718,3675,3700,8430,3700,16,18
20151126 13:58:24.327,3699,3718,3675,3700,8432,3699,15,18
20151126 13:58:59.722,3699,3718,3675,3700,8432,3699,15,20
20151126 13:59:28.588,3699,3718,3675,3700,8434,3699,14,20
20151126 13:59:30.274,3699,3718,3675,3700,8434,3699,14,21
20151126 13:59:41.953,3698,3718,3675,3699,8462,3699,1,40
20151126 13:59:44.772,3697,3718,3675,3698,8464,3698,1,1
20151126 13:59:48.830,3697,3718,3675,3699,8466,3698,1,40
20151126 13:59:54.829,3697,3718,3675,3698,8466,3698,2,2
20151126 14:00:00.456,3697,3718,3675,3698,8468,3698,2,1
20151126 14:00:11.992,3697,3718,3675,3699,8470,3698,2,40
20151126 14:00:17.382,3697,3718,3675,3698,8470,3698,2,1
20151126 14:00:20.628,3697,3718,3675,3698,8470,3698,3,1
20151126 14:00:28.145,3697,3718,3675,3698,8470,3698,3,2
20151126 14:00:33.915,3697,3718,3675,3698,8472,3697,2,1
20151126 14:00:46.477,3698,3718,3675,3699,8474,3698,3,40
20151126 14:00:46.689,3698,3718,3675,3699,8476,3698,2,40
20151126 14:00:57.465,3698,3718,3675,3699,8476,3698,3,40
20151126 14:01:04.891,3698,3718,3675,3699,8476,3698,4,40
20151126 14:01:05.957,3698,3718,3675,3699,8476,3698,2,40
20151126 14:01:13.975,3698,3718,3675,3699,8478,3699,2,39
20151126 14:01:25.885,3698,3718,3675,3699,8478,3699,3,39
20151126 14:01:40.356,3698,3718,3675,3699,8478,3699,3,40
20151126 14:01:42.569,3698,3718,3675,3699,8478,3699,3,39
20151126 14:01:48.545,3698,3718,3675,3699,8480,3698,2,39
20151126 14:02:04.483,3698,3718,3675,3699,8480,3698,1,39
20151126 14:02:15.254,3697,3718,3675,3699,8482,3698,1,39
20151126 14:02:46.858,3697,3718,3675,3699,8482,3698,1,45
20151126 14:02:48.905,3697,3718,3675,3699,8482,3698,1,39
20151126 14:02:56.381,3697,3718,3675,3699,8482,3698,1,40
20151126 14:02:56.723,3697,3718,3675,3699,8482,3698,1,39
20151126 14:03:06.043,3697,3718,3675,3699,8482,3698,1,45
20151126 14:03:08.444,3697,3718,3675,3698,8482,3698,1,1
20151126 14:03:26.072,3697,3718,3675,3698,8482,3698,1,3
20151126 14:03:27.066,3697,3718,3675,3698,8482,3698,1,1
20151126 14:03:28.370,3697,3718,3675,3698,8482,3698,1,4
20151126 14:03:29.297,3696,3718,3675,3697,8484,3697,2,1
20151126 14:03:30.034,3696,3718,3675,3698,8484,3697,2,1
20151126 14:03:31.355,3696,3718,3675,3698,8486,3696,1,1
20151126 14:03:41.017,3696,3718,3675,3698,8486,3696,1,7
20151126 14:03:56.277,3696,3718,3675,3698,8486,3696,1,5
20151126 14:03:56.787,3696,3718,3675,3698,8486,3696,1,1
20151126 14:04:07.961,3696,3718,3675,3698,8486,3696,1,5
20151126 14:04:08.322,3696,3718,3675,3698,8486,3696,1,1
20151126 14:04:09.834,3696,3718,3675,3698,8486,3696,1,2
20151126 14:04:10.018,3696,3718,3675,3698,8486,3696,1,1
20151126 14:04:14.622,3695,3718,3675,3696,8488,3696,4,4
20151126 14:04:28.668,3695,3718,3675,3696,8490,3695,3,4
20151126 14:04:57.454,3695,3718,3675,3696,8496,3696,3,1
20151126 14:04:58.986,3695,3718,3675,3696,8496,3696,8,1
20151126 14:05:00.357,3695,3718,3675,3696,8496,3696,8,2
20151126 14:05:02.313,3695,3718,3675,3696,8496,3696,8,1
20151126 14:05:05.205,3695,3718,3675,3696,8496,3696,3,1
20151126 14:05:06.211,3695,3718,3675,3696,8498,3695,2,1
20151126 14:05:41.493,3695,3718,3675,3696,8498,3695,7,1
20151126 14:05:54.774,3695,3718,3675,3696,8498,3695,8,1
20151126 14:06:08.498,3695,3718,3675,3696,8498,3695,3,1
20151126 14:06:13.520,3695,3718,3675,3698,8500,3696,3,4
20151126 14:06:21.730,3695,3718,3675,3698,8500,3696,8,4
20151126 14:06:29.146,3695,3718,3675,3698,8500,3696,3,4
20151126 14:06:50.610,3695,3718,3675,3698,8500,3696,3,10
20151126 14:06:51.116,3695,3718,3675,3698,8500,3696,3,4
20151126 14:06:51.622,3695,3718,3675,3698,8500,3696,3,10
20151126 14:07:15.330,3695,3718,3675,3698,8500,3696,3,4
20151126 14:07:15.808,3695,3718,3675,3698,8500,3696,3,10
20151126 14:07:22.513,3695,3718,3675,3698,8500,3696,3,4
20151126 14:07:22.983,3695,3718,3675,3698,8504,3695,1,4
20151126 14:07:33.473,3695,3718,3675,3698,8504,3695,1,10
20151126 14:07:34.176,3695,3718,3675,3698,8504,3695,1,9
20151126 14:07:35.578,3695,3718,3675,3698,8504,3695,1,8
20151126 14:07:35.848,3695,3718,3675,3698,8504,3695,1,10
20151126 14:07:39.597,3695,3718,3675,3698,8504,3695,1,4
20151126 14:07:40.123,3695,3718,3675,3698,8504,3695,1,10
20151126 14:07:41.154,3695,3718,3675,3698,8504,3695,1,4
20151126 14:07:50.075,3695,3718,3675,3698,8504,3695,1,10
20151126 14:07:52.948,3695,3718,3675,3698,8504,3695,1,12
20151126 14:07:53.273,3695,3718,3675,3698,8504,3695,1,10
20151126 14:07:53.998,3695,3718,3675,3697,8504,3695,1,2
20151126 14:08:19.068,3695,3718,3675,3697,8504,3695,1,3
20151126 14:08:21.055,3695,3718,3675,3697,8504,3695,1,2
20151126 14:08:23.642,3695,3718,3675,3697,8504,3695,1,8
20151126 14:08:24.050,3693,3718,3675,3697,8506,3695,1,8
20151126 14:08:27.568,3693,3718,3675,3697,8506,3695,1,9
20151126 14:08:29.378,3693,3718,3675,3696,8506,3695,1,1
20151126 14:08:32.479,3693,3718,3675,3696,8506,3695,1,7
20151126 14:08:33.538,3693,3718,3675,3697,8506,3695,1,2
20151126 14:08:33.943,3693,3718,3675,3695,8506,3695,1,1
20151126 14:08:36.560,3693,3718,3675,3695,8506,3695,1,7
20151126 14:08:42.601,3693,3718,3675,3695,8510,3694,1,5
20151126 14:08:43.861,3693,3718,3675,3695,8512,3694,3,4
20151126 14:08:44.503,3693,3718,3675,3695,8512,3694,1,4
20151126 14:08:50.684,3693,3718,3675,3695,8516,3694,8,1
20151126 14:08:51.202,3693,3718,3675,3694,8516,3694,8,3
20151126 14:08:52.021,3693,3718,3675,3695,8522,3694,1,8
20151126 14:08:53.257,3693,3718,3675,3695,8522,3694,1,3
20151126 14:08:53.288,3693,3718,3675,3695,8522,3694,1,1
20151126 14:08:54.712,3693,3718,3675,3695,8522,3694,1,12
20151126 14:08:54.912,3693,3718,3675,3695,8522,3694,8,12
20151126 14:08:56.770,3693,3718,3675,3695,8522,3694,8,11
20151126 14:08:57.005,3693,3718,3675,3695,8522,3694,8,10
20151126 14:08:57.741,3693,3718,3675,3695,8522,3694,8,9
20151126 14:08:58.200,3693,3718,3675,3695,8522,3694,8,8
20151126 14:09:00.635,3693,3718,3675,3695,8522,3694,8,9
20151126 14:09:07.599,3693,3718,3675,3695,8522,3694,8,1
20151126 14:09:08.016,3690,3718,3675,3695,8534,3693,16,2
20151126 14:09:08.524,3690,3718,3675,3695,8534,3693,16,1
20151126 14:09:09.534,3690,3718,3675,3695,8534,3693,16,3
20151126 14:09:10.806,3690,3718,3675,3695,8534,3693,16,1
20151126 14:09:11.100,3690,3718,3675,3694,8534,3693,16,1
20151126 14:09:15.754,3690,3718,3675,3694,8534,3693,18,1
20151126 14:09:17.971,3690,3718,3675,3694,8534,3693,19,1
20151126 14:09:20.495,3690,3718,3675,3694,8534,3693,20,1
20151126 14:09:21.032,3690,3718,3675,3694,8534,3693,18,1
20151126 14:09:21.813,3690,3718,3675,3698,8536,3693,18,4
20151126 14:09:22.661,3690,3718,3675,3698,8538,3693,18,8
20151126 14:09:23.852,3690,3718,3675,3698,8538,3693,21,8
20151126 14:09:26.149,3691,3718,3675,3698,8538,3693,9,8
20151126 14:09:27.231,3691,3718,3675,3698,8538,3693,2,8
20151126 14:09:31.681,3691,3718,3675,3697,8538,3693,2,3
20151126 14:09:43.082,3691,3718,3675,3696,8538,3693,2,13
20151126 14:09:58.293,3691,3718,3675,3696,8538,3693,2,2
20151126 14:10:04.537,3691,3718,3675,3696,8538,3693,4,2
20151126 14:10:06.913,3691,3718,3675,3698,8538,3693,4,8
20151126 14:10:11.524,3691,3718,3675,3697,8538,3693,5,2
20151126 14:10:22.650,3691,3718,3675,3697,8538,3693,3,2
20151126 14:10:29.657,3691,3718,3675,3697,8538,3693,3,3
20151126 14:10:43.208,3691,3718,3675,3697,8538,3693,6,14
20151126 14:10:47.805,3691,3718,3675,3696,8538,3693,6,1
20151126 14:10:52.544,3691,3718,3675,3695,8538,3693,6,1
20151126 14:11:01.945,3691,3718,3675,3695,8542,3693,6,1
20151126 14:11:30.422,3691,3718,3675,3695,8542,3693,3,1
20151126 14:11:35.136,3691,3718,3675,3695,8542,3693,6,1
20151126 14:12:08.537,3691,3718,3675,3695,8542,3693,5,1
20151126 14:12:18.520,3691,3718,3675,3695,8542,3693,5,2
20151126 14:12:20.537,3691,3718,3675,3695,8542,3693,5,1
20151126 14:12:20.905,3691,3718,3675,3695,8542,3693,2,1
20151126 14:12:22.456,3691,3718,3675,3695,8542,3693,5,1
20151126 14:12:23.352,3691,3718,3675,3695,8544,3692,5,1
20151126 14:12:24.068,3691,3718,3675,3696,8546,3695,5,1
20151126 14:12:28.149,3691,3718,3675,3696,8546,3695,2,2
20151126 14:12:28.607,3691,3718,3675,3695,8546,3695,5,1
20151126 14:12:33.725,3692,3718,3675,3695,8546,3695,6,1
20151126 14:12:40.681,3692,3718,3675,3695,8546,3695,2,1
20151126 14:13:11.769,3692,3718,3675,3695,8546,3695,3,1
20151126 14:13:13.080,3692,3718,3675,3695,8546,3695,2,1
20151126 14:13:13.510,3692,3718,3675,3694,8546,3695,2,1
20151126 14:13:19.480,3692,3718,3675,3694,8546,3695,6,1
20151126 14:13:21.647,3692,3718,3675,3694,8546,3695,7,1
20151126 14:13:25.733,3692,3718,3675,3694,8546,3695,4,1
20151126 14:13:26.125,3692,3718,3675,3694,8546,3695,5,1
20151126 14:13:26.746,3692,3718,3675,3694,8546,3695,7,1
20151126 14:13:29.593,3692,3718,3675,3694,8546,3695,5,1
20151126 14:13:40.229,3692,3718,3675,3693,8546,3695,5,1
20151126 14:13:45.415,3692,3718,3675,3693,8546,3695,3,1
20151126 14:13:45.674,3692,3718,3675,3696,8548,3693,3,1
20151126 14:13:52.580,3692,3718,3675,3696,8548,3693,2,2
20151126 14:14:09.886,3692,3718,3675,3698,8550,3696,2,4
20151126 14:14:18.105,3692,3718,3675,3698,8550,3696,7,4
20151126 14:14:19.199,3692,3718,3675,3697,8550,3696,7,3
20151126 14:14:20.112,3692,3718,3675,3697,8550,3696,2,3
20151126 14:14:23.829,3692,3718,3675,3697,8550,3696,7,3
20151126 14:14:24.675,3692,3718,3675,3697,8550,3696,8,3
20151126 14:14:25.977,3692,3718,3675,3697,8550,3696,7,3
20151126 14:14:30.735,3692,3718,3675,3697,8550,3696,7,4
20151126 14:14:33.806,3692,3718,3675,3697,8550,3696,7,3
20151126 14:14:35.248,3692,3718,3675,3697,8550,3696,2,2
20151126 14:14:35.832,3692,3718,3675,3696,8550,3696,2,1
20151126 14:14:40.143,3692,3718,3675,3696,8550,3696,2,4
20151126 14:14:59.087,3692,3718,3675,3696,8550,3696,2,5
20151126 14:15:00.304,3692,3718,3675,3696,8550,3696,2,6
20151126 14:15:02.086,3693,3718,3675,3696,8550,3696,2,5
20151126 14:15:33.661,3693,3718,3675,3696,8550,3696,2,6
20151126 14:15:36.298,3693,3718,3675,3696,8550,3696,2,5
20151126 14:15:50.961,3693,3718,3675,3696,8550,3696,2,4
20151126 14:16:28.187,3693,3718,3675,3696,8550,3696,2,5
20151126 14:16:28.770,3693,3718,3675,3695,8550,3696,2,2
20151126 14:16:29.748,3693,3718,3675,3695,8550,3696,2,1
20151126 14:16:46.215,3693,3718,3675,3695,8550,3696,2,2
20151126 14:16:48.002,3693,3718,3675,3695,8550,3696,2,1
20151126 14:16:48.918,3693,3718,3675,3695,8552,3694,2,1
20151126 14:17:00.118,3693,3718,3675,3695,8552,3694,2,2
20151126 14:17:08.734,3693,3718,3675,3695,8552,3694,4,2
20151126 14:17:09.153,3693,3718,3675,3695,8552,3694,6,2
20151126 14:17:09.683,3693,3718,3675,3695,8552,3694,7,2
20151126 14:17:27.571,3693,3718,3675,3695,8552,3694,7,3
20151126 14:17:28.114,3693,3718,3675,3695,8552,3694,2,3
20151126 14:17:55.861,3693,3718,3675,3695,8552,3694,7,3
20151126 14:18:01.076,3693,3718,3675,3698,8558,3695,7,5
20151126 14:18:01.992,3693,3718,3675,3698,8558,3695,2,4
20151126 14:18:14.368,3693,3718,3675,3698,8558,3695,3,4
20151126 14:18:25.098,3693,3718,3675,3698,8558,3695,7,4
20151126 14:18:30.840,3693,3718,3675,3698,8558,3695,7,5
20151126 14:18:34.170,3693,3718,3675,3698,8558,3695,7,4
20151126 14:18:34.820,3693,3718,3675,3697,8558,3695,7,1
20151126 14:18:40.759,3693,3718,3675,3697,8558,3695,3,3
20151126 14:18:47.449,3694,3718,3675,3697,8558,3695,7,3
20151126 14:18:49.370,3694,3718,3675,3697,8558,3695,8,3
20151126 14:18:50.785,3694,3718,3675,3697,8558,3695,5,3
20151126 14:18:51.521,3694,3718,3675,3697,8558,3695,8,3
20151126 14:18:51.944,3694,3718,3675,3697,8558,3695,7,3
20151126 14:18:54.314,3694,3718,3675,3697,8558,3695,8,3
20151126 14:18:54.916,3694,3718,3675,3697,8558,3695,9,3
20151126 14:18:57.564,3694,3718,3675,3697,8558,3695,5,3
20151126 14:19:01.058,3694,3718,3675,3696,8558,3695,5,1
20151126 14:19:01.720,3694,3718,3675,3696,8558,3695,7,1
20151126 14:19:02.004,3694,3718,3675,3697,8560,3696,5,2
20151126 14:19:02.514,3694,3718,3675,3697,8560,3696,1,2
20151126 14:19:03.597,3694,3718,3675,3697,8560,3696,5,2
20151126 14:19:10.151,3694,3718,3675,3697,8560,3696,1,2
20151126 14:19:24.697,3694,3718,3675,3697,8564,3696,1,2
20151126 14:19:26.445,3694,3718,3675,3697,8566,3696,1,15
20151126 14:19:30.505,3694,3718,3675,3697,8566,3696,3,15
20151126 14:19:38.040,3694,3718,3675,3697,8566,3696,4,2
20151126 14:19:52.346,3694,3718,3675,3697,8566,3696,3,2
20151126 14:19:59.310,3695,3718,3675,3697,8566,3696,3,2
20151126 14:20:00.277,3695,3718,3675,3697,8566,3696,2,2
20151126 14:20:00.809,3695,3718,3675,3697,8566,3696,3,2
20151126 14:20:02.386,3695,3718,3675,3697,8566,3696,2,2
20151126 14:20:02.824,3695,3718,3675,3697,8566,3696,3,2
20151126 14:20:23.761,3695,3718,3675,3697,8566,3696,2,2
20151126 14:20:48.265,3695,3718,3675,3697,8566,3696,2,4
20151126 14:20:52.771,3695,3718,3675,3697,8566,3696,2,2
20151126 14:21:06.150,3695,3718,3675,3697,8566,3696,2,4
20151126 14:21:12.274,3695,3718,3675,3697,8566,3696,2,2
20151126 14:21:13.026,3695,3718,3675,3697,8566,3696,2,3
20151126 14:21:13.944,3695,3718,3675,3697,8566,3696,2,2
20151126 14:21:15.530,3695,3718,3675,3696,8566,3696,2,3
20151126 14:21:16.857,3695,3718,3675,3696,8566,3696,2,1
20151126 14:21:28.697,3696,3718,3675,3698,8568,3696,1,4
20151126 14:21:41.598,3696,3718,3675,3698,8568,3696,2,4
20151126 14:21:45.318,3696,3718,3675,3698,8568,3696,3,4
20151126 14:21:50.359,3696,3718,3675,3698,8570,3696,2,4
20151126 14:22:02.738,3696,3718,3675,3698,8570,3696,2,5
20151126 14:22:09.747,3696,3718,3675,3698,8570,3696,2,4
20151126 14:22:18.371,3696,3718,3675,3698,8570,3696,12,4
20151126 14:22:24.843,3696,3718,3675,3698,8570,3696,12,5
20151126 14:22:30.583,3696,3718,3675,3698,8570,3696,12,4
20151126 14:22:40.237,3696,3718,3675,3698,8570,3696,12,5
20151126 14:22:55.467,3696,3718,3675,3699,8580,3698,12,44
20151126 14:22:57.627,3696,3718,3675,3699,8580,3698,12,47
20151126 14:22:59.924,3696,3718,3675,3698,8580,3698,12,2
20151126 14:23:05.874,3697,3718,3675,3698,8580,3698,2,2
20151126 14:23:09.121,3696,3718,3675,3698,8580,3698,12,2
20151126 14:23:09.621,3697,3718,3675,3698,8580,3698,3,2
20151126 14:23:21.766,3697,3718,3675,3699,8580,3698,3,39
20151126 14:23:46.041,3697,3718,3675,3699,8580,3698,3,42
20151126 14:23:48.019,3697,3718,3675,3698,8580,3698,3,3
20151126 14:24:03.078,3697,3718,3675,3699,8580,3698,3,39
20151126 14:24:35.265,3697,3718,3675,3699,8580,3698,3,50
20151126 14:24:53.496,3697,3718,3675,3699,8580,3698,3,39
20151126 14:25:23.260,3697,3718,3675,3699,8580,3698,5,39
20151126 14:25:35.310,3697,3718,3675,3699,8580,3698,5,50
20151126 14:25:39.558,3697,3718,3675,3699,8580,3698,5,51
20151126 14:25:40.685,3697,3718,3675,3698,8580,3698,5,1
20151126 14:25:41.710,3697,3718,3675,3699,8580,3698,5,50
20151126 14:25:42.145,3697,3718,3675,3699,8582,3697,4,50
20151126 14:25:57.829,3697,3718,3675,3699,8582,3697,4,39
20151126 14:26:23.165,3696,3718,3675,3699,8590,3697,11,39
20151126 14:26:23.378,3696,3718,3675,3697,8590,3697,11,13
20151126 14:26:24.211,3696,3718,3675,3699,8590,3697,11,39
20151126 14:26:29.915,3696,3718,3675,3698,8590,3697,11,3
20151126 14:26:38.567,3696,3718,3675,3697,8590,3697,11,8
20151126 14:26:41.547,3696,3718,3675,3697,8590,3697,11,3
20151126 14:26:42.264,3696,3718,3675,3697,8590,3697,11,8
20151126 14:26:50.471,3696,3718,3675,3697,8604,3696,4,1
20151126 14:26:50.742,3694,3718,3675,3696,8612,3696,3,2
20151126 14:26:51.369,3694,3718,3675,3696,8612,3696,3,3
20151126 14:26:52.509,3694,3718,3675,3697,8612,3696,3,1
20151126 14:27:02.260,3694,3718,3675,3697,8612,3696,3,2
20151126 14:27:02.581,3694,3718,3675,3697,8612,3696,3,1
20151126 14:27:18.047,3694,3718,3675,3697,8612,3696,3,2
20151126 14:27:21.982,3694,3718,3675,3697,8612,3696,3,1
20151126 14:27:38.847,3694,3718,3675,3696,8612,3696,3,2
20151126 14:27:42.810,3694,3718,3675,3698,8612,3696,2,3
20151126 14:27:43.874,3694,3718,3675,3695,8612,3696,2,1
20151126 14:27:44.390,3694,3718,3675,3698,8612,3696,2,3
20151126 14:27:44.850,3694,3718,3675,3698,8614,3694,1,3
20151126 14:27:51.294,3694,3718,3675,3697,8614,3694,1,2
20151126 14:28:06.117,3694,3718,3675,3697,8614,3694,1,3
20151126 14:28:13.090,3693,3718,3675,3694,8616,3694,1,1
20151126 14:28:13.299,3693,3718,3675,3697,8616,3694,1,3
20151126 14:28:39.499,3691,3718,3675,3697,8618,3693,1,7
20151126 14:29:51.135,3692,3718,3675,3697,8618,3693,1,7
20151126 14:30:17.405,3691,3718,3675,3697,8618,3693,1,7
20151126 14:30:38.228,3692,3718,3675,3697,8618,3693,1,7
20151126 14:30:41.619,3692,3718,3675,3696,8618,3693,1,1
20151126 14:30:53.912,3692,3718,3675,3696,8618,3693,1,6
20151126 14:30:55.201,3691,3718,3675,3696,8618,3693,1,6
20151126 14:31:07.584,3691,3718,3675,3696,8618,3693,1,7
20151126 14:31:18.624,3691,3718,3675,3694,8618,3693,1,2
20151126 14:32:10.013,3692,3718,3675,3694,8618,3693,1,2
20151126 14:32:34.198,3692,3718,3675,3694,8618,3693,2,2
20151126 14:32:36.323,3692,3718,3675,3694,8618,3693,1,2
20151126 14:32:47.894,3692,3718,3675,3694,8620,3694,1,1
20151126 14:32:48.438,3694,3718,3675,3696,8622,3694,2,6
20151126 14:32:53.605,3694,3718,3675,3696,8624,3696,2,5
20151126 14:33:03.970,3691,3718,3675,3696,8624,3696,1,5
20151126 14:33:15.772,3691,3718,3675,3698,8624,3696,1,3
20151126 14:33:19.744,3692,3718,3675,3698,8624,3696,2,3
20151126 14:33:24.144,3692,3718,3675,3698,8624,3696,3,3
20151126 14:33:31.876,3692,3718,3675,3696,8624,3696,3,2
20151126 14:33:36.416,3692,3718,3675,3696,8626,3696,3,1
20151126 14:33:39.013,3692,3718,3675,3696,8626,3696,12,1
20151126 14:33:39.558,3692,3718,3675,3696,8626,3696,3,1
20151126 14:33:58.265,3692,3718,3675,3696,8626,3696,5,1
20151126 14:34:00.150,3692,3718,3675,3696,8626,3696,3,1
20151126 14:34:27.205,3692,3718,3675,3696,8626,3696,1,1
20151126 14:34:39.593,3692,3718,3675,3696,8626,3696,3,1
20151126 14:34:49.391,3692,3718,3675,3696,8626,3696,1,1
20151126 14:34:54.026,3692,3718,3675,3696,8626,3696,1,2
20151126 14:34:55.415,3692,3718,3675,3696,8626,3696,1,1
20151126 14:35:04.696,3692,3718,3675,3695,8626,3696,1,2
20151126 14:35:05.701,3692,3718,3675,3695,8626,3696,3,2
20151126 14:35:11.273,3692,3718,3675,3695,8626,3696,1,2
20151126 14:35:12.286,3692,3718,3675,3695,8626,3696,3,2
20151126 14:35:12.770,3693,3718,3675,3695,8626,3696,2,2
20151126 14:35:15.835,3693,3718,3675,3695,8626,3696,4,2
20151126 14:35:31.965,3693,3718,3675,3696,8630,3695,4,1
20151126 14:35:38.073,3694,3718,3675,3696,8630,3695,1,1
20151126 14:35:50.084,3694,3718,3675,3696,8630,3695,2,1
20151126 14:35:50.407,3694,3718,3675,3696,8630,3695,1,1
20151126 14:36:00.386,3694,3718,3675,3698,8630,3695,1,3
20151126 14:36:02.431,3693,3718,3675,3698,8632,3694,2,3
20151126 14:36:02.701,3693,3718,3675,3698,8632,3694,4,3
20151126 14:36:06.321,3693,3718,3675,3698,8632,3694,6,3
20151126 14:36:08.411,3693,3718,3675,3698,8632,3694,2,4
20151126 14:36:11.694,3694,3718,3675,3698,8632,3694,1,4
20151126 14:36:18.046,3694,3718,3675,3697,8632,3694,1,1
20151126 14:36:22.307,3694,3718,3675,3698,8634,3697,1,4
20151126 14:36:32.177,3694,3718,3675,3698,8634,3697,3,4
20151126 14:36:35.562,3694,3718,3675,3698,8634,3697,1,4
20151126 14:36:37.797,3694,3718,3675,3698,8634,3697,1,3
20151126 14:36:41.854,3694,3718,3675,3698,8634,3697,3,3
20151126 14:36:49.459,3694,3718,3675,3698,8634,3697,4,3
20151126 14:36:56.832,3694,3718,3675,3698,8634,3697,3,4
20151126 14:37:03.950,3694,3718,3675,3697,8634,3697,3,2
20151126 14:37:15.912,3694,3718,3675,3697,8634,3697,4,2
20151126 14:37:16.261,3695,3718,3675,3697,8634,3697,2,2
20151126 14:37:49.973,3695,3718,3675,3697,8634,3697,2,3
20151126 14:38:07.356,3695,3718,3675,3697,8636,3697,2,2
20151126 14:39:09.924,3694,3718,3675,3697,8636,3697,1,2
20151126 14:39:20.897,3695,3718,3675,3697,8636,3697,1,2
20151126 14:39:24.668,3694,3718,3675,3697,8638,3695,1,2
20151126 14:39:49.165,3694,3718,3675,3697,8638,3695,1,3
20151126 14:39:49.642,3694,3718,3675,3697,8638,3695,1,2
20151126 14:39:56.232,3694,3718,3675,3697,8638,3695,1,3
20151126 14:40:18.582,3691,3718,3675,3694,8640,3694,3,1
20151126 14:40:21.258,3691,3718,3675,3694,8640,3694,1,1
20151126 14:40:30.715,3691,3718,3675,3694,8640,3694,3,1
20151126 14:40:31.814,3691,3718,3675,3694,8640,3694,1,1
20151126 14:40:33.545,3691,3718,3675,3694,8640,3694,3,1
20151126 14:40:37.920,3691,3718,3675,3694,8640,3694,1,1
20151126 14:40:54.071,3691,3718,3675,3693,8640,3694,1,1
20151126 14:40:59.738,3691,3718,3675,3694,8642,3693,1,1
20151126 14:41:08.507,3691,3718,3675,3694,8642,3693,3,1
20151126 14:41:58.876,3691,3718,3675,3694,8642,3693,3,2
20151126 14:42:01.608,3691,3718,3675,3694,8642,3693,1,2
20151126 14:42:04.916,3691,3718,3675,3694,8644,3693,1,1
20151126 14:43:03.133,3692,3718,3675,3694,8644,3693,4,1
20151126 14:43:12.514,3692,3718,3675,3694,8644,3693,1,1
20151126 14:43:13.017,3692,3718,3675,3694,8644,3693,4,1
20151126 14:43:14.126,3692,3718,3675,3694,8644,3693,1,1
20151126 14:43:17.291,3693,3718,3675,3694,8644,3693,5,1
20151126 14:43:21.063,3692,3718,3675,3694,8644,3693,2,1
20151126 14:43:28.379,3692,3718,3675,3694,8646,3693,2,1
20151126 14:43:32.993,3692,3718,3675,3694,8646,3693,6,1
20151126 14:43:37.101,3692,3718,3675,3694,8646,3693,4,1
20151126 14:43:39.974,3692,3718,3675,3694,8646,3693,5,1
20151126 14:43:49.787,3693,3718,3675,3694,8646,3693,1,1
20151126 14:43:53.780,3693,3718,3675,3694,8646,3693,2,1
20151126 14:44:11.068,3693,3718,3675,3694,8646,3693,1,1
